DATE,JULIAN,TREEID,CIRCUIT,BCON,BBRK,FBUD,FOPN,FPST,SEX,LENGTH,WIDTH,LFIN,L75,L95,TIP,COMMENTS,
3/29/17,88,AMSP-01,1,NS,0,-99,-99,-99,-99,-99,-99,-99,-99,-99,-99,,
3/29/17,88,FRAM-09,2,NS,0,ND,0,0,ND,-99,-99,0,0,0,0,new tree 2017,
3/29/17,88,PRSE-01,3,SS,0,-99,-99,-99,-99,-99,-99,-99,-99,-99,-99,,
3/29/17,88,ACRU-01,4,SS,0,MS,0,0,ND,-99,-99,0,0,0,0,,
3/29/17,88,COAL-05,5,SS,0,-99,-99,-99,-99,-99,-99,-99,-99,-99,-99,new tree 2009 (01 dead?),
3/29/17,88,AMSP-02,6,NS,0,-99,-99,-99,-99,-99,-99,-99,-99,-99,-99,,
3/29/17,88,ACSA-01,7,NS,0,ND,0,0,ND,0,0,0,0,0,0,,
3/29/17,88,BELE-01,8,NS,0,-99,-99,-99,-99,-99,-99,-99,-99,-99,-99,ice damage dec08,
3/29/17,88,BEAL-01,9,NS,0,NS,0,0,M,0,0,0,0,0,0,,
3/29/17,88,COAL-04,10,-99,-99,-99,-99,-99,-99,-99,-99,-99,-99,-99,-99,dead,
3/29/17,88,QURU-01,11,NS,0,ND,0,0,ND,-99,-99,0,0,0,0,,
3/29/17,88,QUAL-05,12,NS,0,ND,0,0,ND,0,0,0,0,0,0,new tree 2005,
3/29/17,88,FAGR-01,13,NS,0,ND,0,0,ND,0,0,0,0,0,0,,
3/29/17,88,ACPE-01,14,SS,0,ND,0,0,ND,0,0,0,0,0,0,,
3/29/17,88,QUVE-01,15,NS,0,-99,-99,-99,-99,-99,-99,-99,-99,-99,-99,,
3/29/17,88,BEPA-01,16,NS,0,-99,-99,-99,-99,-99,-99,-99,-99,-99,-99,,
3/29/17,88,CRSP-01,17,SS,0,-99,-99,-99,-99,-99,-99,-99,-99,-99,-99,,
3/29/17,88,ACRU-02,18,SS,0,MS,0,0,ND,-99,-99,0,0,0,0,,
3/29/17,88,ACPE-02,19,NS,0,ND,0,0,ND,0,0,0,0,0,0,,
3/29/17,88,FAGR-07,20,NS,0,ND,0,0,ND,-99,-99,0,0,0,0,new tree 2017 (05 dead),
3/29/17,88,ACPE-03,21,NS,0,ND,0,0,ND,0,0,0,0,0,0,,
3/29/17,88,HAVI-01,22,NS,0,ND,0,0,ND,0,0,0,0,0,0,,
3/29/17,88,BEAL-02,23,NS,0,ND,0,0,ND,0,0,0,0,0,0,,
3/29/17,88,BELE-02,24,NS,0,-99,-99,-99,-99,-99,-99,-99,-99,-99,-99,,
3/29/17,88,FAGR-06,25,NS,0,ND,0,0,ND,-99,-99,0,0,0,0,new tree fall 2004,
3/29/17,88,AMSP-03,26,NS,0,-99,-99,-99,-99,-99,-99,-99,-99,-99,-99,,
3/29/17,88,BEAL-03,27,NS,0,ND,0,0,ND,0,0,0,0,0,0,,
3/29/17,88,HAVI-02,28,NS,0,ND,0,0,ND,0,0,0,0,0,0,,
3/29/17,88,QURU-02,29,NS,0,ND,0,0,ND,-99,-99,0,0,0,0,,
3/29/17,88,ACRU-03,30,SS,0,MS,0,0,ND,-99,-99,0,0,0,0,,
3/29/17,88,ACPE-04,31,NS,0,ND,0,0,ND,0,0,0,0,0,0,,
3/29/17,88,QUVE-05,32,NS,0,-99,-99,-99,-99,-99,-99,-99,-99,-99,-99,new tree 2017 (02 dead),
3/29/17,88,ACRU-04,33,SS,0,ND,0,0,ND,0,0,0,0,0,0,,
3/29/17,88,QUAL-02,34,NS,0,ND,0,0,ND,-99,-99,0,0,0,0,,
3/29/17,88,CRSP-03,35,NS,0,-99,-99,-99,-99,-99,-99,-99,-99,-99,-99,,
3/29/17,88,BELE-03,36,NS,0,-99,-99,-99,-99,-99,-99,-99,-99,-99,-99,,
3/29/17,88,HAVI-03,37,NS,0,ND,0,0,ND,0,0,0,0,0,0,,
3/29/17,88,QUVE-03,38,NS,0,-99,-99,-99,-99,-99,-99,-99,-99,-99,-99,,
3/29/17,88,QUVE-04,39,NS,0,-99,-99,-99,-99,-99,-99,-99,-99,-99,-99,,
3/29/17,88,QURU-03,40,NS,0,ND,0,0,ND,-99,-99,0,0,0,0,,
3/29/17,88,CRSP-02,41,NS,0,-99,-99,-99,-99,-99,-99,-99,-99,-99,-99,,
3/29/17,88,PRSE-02,42,SS,0,-99,-99,-99,-99,-99,-99,-99,-99,-99,-99,,
3/29/17,88,BEPA-07,43,NS,0,-99,-99,-99,-99,-99,-99,-99,-99,-99,-99,new tree 2017(02 dead),
3/29/17,88,BEPA-06,44,NS,0,-99,-99,-99,-99,-99,-99,-99,-99,-99,-99,new tree 4-1-14 (03 dead),
3/29/17,88,BEPA-05,45,NS,0,-99,-99,-99,-99,-99,-99,-99,-99,-99,-99,,
3/29/17,88,COAL-06,46,NS,0,-99,-99,-99,-99,-99,-99,-99,-99,-99,-99,new tree 4-16-15 (03 dead),
3/29/17,88,FRAM-07,47,NS,0,ND,0,0,ND,-99,-99,0,0,0,0,new tree 5-1-08 (02 dead),
3/29/17,88,FAGR-04,48,NS,0,ND,0,0,ND,0,0,0,0,0,0,,
3/29/17,88,QUAL-03,49,NS,0,ND,0,0,ND,-99,-99,0,0,0,0,,
3/29/17,88,ACSA-02,50,NS,0,ND,0,0,ND,0,0,0,0,0,0,,
3/29/17,88,FRAM-03,51,NS,0,ND,0,0,ND,0,0,0,0,0,0,,
3/29/17,88,POTR-05,52,NS,0,-99,-99,-99,-99,-99,-99,-99,-99,-99,-99,new tree 5-19-11 (04 dead),
3/29/17,88,ACSA-04,53,SS,0,SS,0,0,ND,-99,-99,0,0,0,0,new tree fall 2007 (03 cut),
3/29/17,88,PRSE-04,54,SS,0,-99,-99,-99,-99,-99,-99,-99,-99,-99,-99,,
3/29/17,88,QURU-04,55,NS,0,ND,0,0,ND,-99,-99,0,0,0,0,,
3/29/17,88,ACRU-05,56,SS,0,MS,0,0,ND,0,0,0,0,0,0,,
3/29/17,88,FRAM-08,57,NS,0,ND,0,0,ND,-99,-99,0,0,0,0,new tree 4-1-15 (04 dead),
3/29/17,88,POTR-02,58,SS,0,-99,-99,-99,-99,-99,-99,-99,-99,-99,-99,flwr buds MS,
4/10/17,100,AMSP-01,1,SS,0,-99,-99,-99,-99,-99,-99,-99,-99,-99,-99,,
4/10/17,100,FRAM-09,2,NS,0,ND,0,0,ND,-99,-99,0,0,0,0,new tree 2017,
4/10/17,100,PRSE-01,3,MS,0,-99,-99,-99,-99,-99,-99,-99,-99,-99,-99,,
4/10/17,100,ACRU-01,4,MS,0,VS,0,0,ND,-99,-99,0,0,0,0,,
4/10/17,100,COAL-05,5,SS,0,-99,-99,-99,-99,-99,-99,-99,-99,-99,-99,new tree 2009 (01 dead?),
4/10/17,100,AMSP-02,6,SS,0,-99,-99,-99,-99,-99,-99,-99,-99,-99,-99,,
4/10/17,100,ACSA-01,7,NS,0,ND,0,0,ND,0,0,0,0,0,0,,
4/10/17,100,BELE-01,8,SS,0,-99,-99,-99,-99,-99,-99,-99,-99,-99,-99,ice damage dec08,
4/10/17,100,BEAL-01,9,SS,0,NS,0,0,M,0,0,0,0,0,0,,
4/10/17,100,COAL-04,10,-99,-99,-99,-99,-99,-99,-99,-99,-99,-99,-99,-99,dead,
4/10/17,100,QURU-01,11,SS,0,ND,0,0,ND,-99,-99,0,0,0,0,,
4/10/17,100,QUAL-05,12,NS,0,ND,0,0,ND,0,0,0,0,0,0,new tree 2005,
4/10/17,100,FAGR-01,13,NS,0,ND,0,0,ND,0,0,0,0,0,0,,
4/10/17,100,ACPE-01,14,SS,0,ND,0,0,ND,0,0,0,0,0,0,,
4/10/17,100,QUVE-01,15,NS,0,-99,-99,-99,-99,-99,-99,-99,-99,-99,-99,,
4/10/17,100,BEPA-01,16,NS,0,-99,-99,-99,-99,-99,-99,-99,-99,-99,-99,,
4/10/17,100,CRSP-01,17,SS,0,-99,-99,-99,-99,-99,-99,-99,-99,-99,-99,,
4/10/17,100,ACRU-02,18,MS,0,VS,0,0,ND,-99,-99,0,0,0,0,,
4/10/17,100,ACPE-02,19,SS,0,NS,0,0,ND,0,0,0,0,0,0,,
4/10/17,100,FAGR-07,20,NS,0,ND,0,0,ND,-99,-99,0,0,0,0,new tree 2017 (05 dead),
4/10/17,100,ACPE-03,21,SS,0,ND,0,0,ND,0,0,0,0,0,0,,
4/10/17,100,HAVI-01,22,NS,0,ND,0,0,ND,0,0,0,0,0,0,,
4/10/17,100,BEAL-02,23,NS,0,ND,0,0,M,0,0,0,0,0,0,,
4/10/17,100,BELE-02,24,NS,0,-99,-99,-99,-99,-99,-99,-99,-99,-99,-99,,
4/10/17,100,FAGR-06,25,NS,0,ND,0,0,ND,-99,-99,0,0,0,0,new tree fall 2004,
4/10/17,100,AMSP-03,26,SS,0,-99,-99,-99,-99,-99,-99,-99,-99,-99,-99,,
4/10/17,100,BEAL-03,27,NS,0,NS,0,0,M,0,0,0,0,0,0,,
4/10/17,100,HAVI-02,28,NS,0,ND,0,0,ND,0,0,0,0,0,0,,
4/10/17,100,QURU-02,29,NS,0,ND,0,0,ND,-99,-99,0,0,0,0,,
4/10/17,100,ACRU-03,30,MS,0,VS,0,0,ND,-99,-99,0,0,0,0,,
4/10/17,100,ACPE-04,31,NS,0,ND,0,0,ND,0,0,0,0,0,0,,
4/10/17,100,QUVE-05,32,NS,0,-99,-99,-99,-99,-99,-99,-99,-99,-99,-99,tree unhealthy/dying?,
4/10/17,100,ACRU-04,33,MS,0,ND,0,0,ND,0,0,0,0,0,0,,
4/10/17,100,QUAL-02,34,NS,0,ND,0,0,ND,-99,-99,0,0,0,0,,
4/10/17,100,CRSP-03,35,SS,0,-99,-99,-99,-99,-99,-99,-99,-99,-99,-99,,
4/10/17,100,BELE-03,36,SS,0,-99,-99,-99,-99,-99,-99,-99,-99,-99,-99,,
4/10/17,100,HAVI-03,37,SS,0,ND,0,0,ND,0,0,0,0,0,0,,
4/10/17,100,QUVE-03,38,NS,0,-99,-99,-99,-99,-99,-99,-99,-99,-99,-99,,
4/10/17,100,QUVE-04,39,NS,0,-99,-99,-99,-99,-99,-99,-99,-99,-99,-99,,
4/10/17,100,QURU-03,40,NS,0,ND,0,0,ND,-99,-99,0,0,0,0,,
4/10/17,100,CRSP-02,41,SS,0,-99,-99,-99,-99,-99,-99,-99,-99,-99,-99,,
4/10/17,100,PRSE-02,42,MS,0,-99,-99,-99,-99,-99,-99,-99,-99,-99,-99,,
4/10/17,100,BEPA-07,43,NS,0,-99,-99,-99,-99,-99,-99,-99,-99,-99,-99,new tree 2017(02 dead),
4/10/17,100,BEPA-06,44,NS,0,-99,-99,-99,-99,-99,-99,-99,-99,-99,-99,new tree 4-1-14 (03 dead),
4/10/17,100,BEPA-05,45,NS,0,-99,-99,-99,-99,-99,-99,-99,-99,-99,-99,,
4/10/17,100,COAL-06,46,SS,0,-99,-99,-99,-99,-99,-99,-99,-99,-99,-99,new tree 4-16-15 (03 dead),
4/10/17,100,FRAM-07,47,NS,0,ND,0,0,ND,-99,-99,0,0,0,0,new tree 5-1-08 (02 dead),
4/10/17,100,FAGR-04,48,NS,0,ND,0,0,ND,0,0,0,0,0,0,,
4/10/17,100,QUAL-03,49,NS,0,ND,0,0,ND,-99,-99,0,0,0,0,,
4/10/17,100,ACSA-02,50,NS,0,ND,0,0,ND,0,0,0,0,0,0,,
4/10/17,100,FRAM-03,51,NS,0,ND,0,0,ND,0,0,0,0,0,0,,
4/10/17,100,POTR-05,52,SS,0,-99,-99,-99,-99,-99,-99,-99,-99,-99,-99,new tree 5-19-11 (04 dead),
4/10/17,100,ACSA-04,53,SS,0,VS,0,0,ND,-99,-99,0,0,0,0,new tree fall 2007 (03 cut),
4/10/17,100,PRSE-04,54,MS,0,-99,-99,-99,-99,-99,-99,-99,-99,-99,-99,,
4/10/17,100,QURU-04,55,SS,0,ND,0,0,ND,-99,-99,0,0,0,0,,
4/10/17,100,ACRU-05,56,MS,0,VS,0,0,ND,0,0,0,0,0,0,,
4/10/17,100,FRAM-08,57,NS,0,ND,0,0,ND,-99,-99,0,0,0,0,new tree 4-1-15 (04 dead),
4/10/17,100,POTR-02,58,SS,0,-99,-99,-99,-99,-99,-99,-99,-99,-99,-99,F catkins VS,
4/17/17,107,AMSP-01,1,VS,0,-99,-99,-99,-99,-99,-99,-99,-99,-99,-99,,
4/17/17,107,FRAM-09,2,NS,0,ND,0,0,ND,-99,-99,0,0,0,0,new tree 2017,
4/17/17,107,PRSE-01,3,BB,60,-99,-99,-99,-99,-99,-99,-99,-99,-99,-99,,
4/17/17,107,ACRU-01,4,MS,0,BB,95,5,M,-99,-99,0,0,0,0,,
4/17/17,107,COAL-05,5,VS,0,-99,-99,-99,-99,-99,-99,-99,-99,-99,-99,new tree 2009 (01 dead?),
4/17/17,107,AMSP-02,6,MS,0,-99,-99,-99,-99,-99,-99,-99,-99,-99,-99,,
4/17/17,107,ACSA-01,7,MS,0,ND,0,0,ND,0,0,0,0,0,0,,
4/17/17,107,BELE-01,8,MS,0,-99,-99,-99,-99,-99,-99,-99,-99,-99,-99,ice damage dec08,
4/17/17,107,BEAL-01,9,MS,0,SS,0,0,M,0,0,0,0,0,0,,
4/17/17,107,COAL-04,10,-99,-99,-99,-99,-99,-99,-99,-99,-99,-99,-99,-99,dead,
4/17/17,107,QURU-01,11,SS,0,ND,0,0,ND,-99,-99,0,0,0,0,,
4/17/17,107,QUAL-05,12,NS,0,ND,0,0,ND,0,0,0,0,0,0,new tree 2005,
4/17/17,107,FAGR-01,13,SS,0,ND,0,0,ND,0,0,0,0,0,0,,
4/17/17,107,ACPE-01,14,VS,0,ND,0,0,ND,0,0,0,0,0,0,iner sheaths up to 2.5cm,
4/17/17,107,QUVE-01,15,SS,0,-99,-99,-99,-99,-99,-99,-99,-99,-99,-99,,
4/17/17,107,BEPA-01,16,SS,0,-99,-99,-99,-99,-99,-99,-99,-99,-99,-99,,
4/17/17,107,CRSP-01,17,MS,0,-99,-99,-99,-99,-99,-99,-99,-99,-99,-99,,
4/17/17,107,ACRU-02,18,MS,0,BB,85,0,M,-99,-99,0,0,0,0,,
4/17/17,107,ACPE-02,19,VS,0,ND,0,0,ND,0,0,0,0,0,0,inner sheaths up to 1.5cm,
4/17/17,107,FAGR-07,20,SS,0,MS,0,0,ND,-99,-99,0,0,0,0,new tree 2017 (05 dead),
4/17/17,107,ACPE-03,21,VS,0,ND,0,0,ND,0,0,0,0,0,0,inner sheaths up to 2.0cm,
4/17/17,107,HAVI-01,22,SS,0,ND,0,0,ND,0,0,0,0,0,0,,
4/17/17,107,BEAL-02,23,MS,0,ND,0,0,ND,0,0,0,0,0,0,,
4/17/17,107,BELE-02,24,MS,0,-99,-99,-99,-99,-99,-99,-99,-99,-99,-99,,
4/17/17,107,FAGR-06,25,SS,0,ND,0,0,ND,-99,-99,0,0,0,0,new tree fall 2004,
4/17/17,107,AMSP-03,26,MS,0,-99,-99,-99,-99,-99,-99,-99,-99,-99,-99,,
4/17/17,107,BEAL-03,27,MS,0,SS,0,0,M,0,0,0,0,0,0,,
4/17/17,107,HAVI-02,28,MS,0,ND,0,0,ND,0,0,0,0,0,0,,
4/17/17,107,QURU-02,29,SS,0,ND,0,0,ND,-99,-99,0,0,0,0,,
4/17/17,107,ACRU-03,30,MS,0,BB,50,0,M,-99,-99,0,0,0,0,,
4/17/17,107,ACPE-04,31,MS,0,ND,0,0,ND,0,0,0,0,0,0,inner sheaths ~.75cm,
4/17/17,107,QUVE-05,32,SS,0,-99,-99,-99,-99,-99,-99,-99,-99,-99,-99,tree unhealthy/dying?,
4/17/17,107,ACRU-04,33,VS,0,BB,80,0,M,0,0,0,0,0,0,,
4/17/17,107,QUAL-02,34,NS,0,ND,0,0,ND,-99,-99,0,0,0,0,,
4/17/17,107,CRSP-03,35,MS,0,-99,-99,-99,-99,-99,-99,-99,-99,-99,-99,,
4/17/17,107,BELE-03,36,MS,0,-99,-99,-99,-99,-99,-99,-99,-99,-99,-99,M catkins SS,
4/17/17,107,HAVI-03,37,SS,0,ND,0,0,ND,0,0,0,0,0,0,,
4/17/17,107,QUVE-03,38,SS,0,-99,-99,-99,-99,-99,-99,-99,-99,-99,-99,,
4/17/17,107,QUVE-04,39,SS,0,-99,-99,-99,-99,-99,-99,-99,-99,-99,-99,,
4/17/17,107,QURU-03,40,SS,0,ND,0,0,ND,-99,-99,0,0,0,0,,
4/17/17,107,CRSP-02,41,VS,0,-99,-99,-99,-99,-99,-99,-99,-99,-99,-99,,
4/17/17,107,PRSE-02,42,BB,40,-99,-99,-99,-99,-99,-99,-99,-99,-99,-99,,
4/17/17,107,BEPA-07,43,SS,0,-99,-99,-99,-99,-99,-99,-99,-99,-99,-99,new tree 2017(02 dead),
4/17/17,107,BEPA-06,44,SS,0,-99,-99,-99,-99,-99,-99,-99,-99,-99,-99,new tree 4-1-14 (03 dead),
4/17/17,107,BEPA-05,45,SS,0,-99,-99,-99,-99,-99,-99,-99,-99,-99,-99,,
4/17/17,107,COAL-06,46,VS,0,-99,-99,-99,-99,-99,-99,-99,-99,-99,-99,new tree 4-16-15 (03 dead),
4/17/17,107,FRAM-07,47,NS,0,ND,0,0,ND,-99,-99,0,0,0,0,new tree 5-1-08 (02 dead),
4/17/17,107,FAGR-04,48,SS,0,MS,0,0,ND,0,0,0,0,0,0,,
4/17/17,107,QUAL-03,49,NS,0,ND,0,0,ND,-99,-99,0,0,0,0,,
4/17/17,107,ACSA-02,50,MS,0,ND,0,0,ND,0,0,0,0,0,0,,
4/17/17,107,FRAM-03,51,SS,0,ND,0,0,ND,0,0,0,0,0,0,,
4/17/17,107,POTR-05,52,MS,0,-99,-99,-99,-99,-99,-99,-99,-99,-99,-99,new tree 5-19-11 (04 dead),
4/17/17,107,ACSA-04,53,MS,0,VS,0,0,ND,-99,-99,0,0,0,0,new tree fall 2007 (03 cut),
4/17/17,107,PRSE-04,54,VS,0,-99,-99,-99,-99,-99,-99,-99,-99,-99,-99,,
4/17/17,107,QURU-04,55,MS,0,ND,0,0,ND,-99,-99,0,0,0,0,,
4/17/17,107,ACRU-05,56,VS,0,BB,95,0,F,0,0,0,0,0,0,,
4/17/17,107,FRAM-08,57,SS,0,ND,0,0,ND,-99,-99,0,0,0,0,new tree 4-1-15 (04 dead),
4/17/17,107,POTR-02,58,MS,0,-99,-99,-99,-99,-99,-99,-99,-99,-99,-99,F catkins dangling,
4/24/17,114,AMSP-01,1,VS,0,-99,-99,-99,-99,-99,-99,-99,-99,-99,-99,1st flwrs open,
4/24/17,114,FRAM-09,2,NS,0,ND,0,0,ND,-99,-99,0,0,0,0,new tree 2017,
4/24/17,114,PRSE-01,3,BB,98,-99,-99,-99,-99,-99,-99,-99,-99,-99,-99,,
4/24/17,114,ACRU-01,4,VS,0,BB,100,75,M,-99,-99,0,0,0,0,,
4/24/17,114,COAL-05,5,BB,30,-99,-99,-99,-99,-99,-99,-99,-99,-99,-99,new tree 2009 (01 dead?),
4/24/17,114,AMSP-02,6,VS,0,-99,-99,-99,-99,-99,-99,-99,-99,-99,-99,,
4/24/17,114,ACSA-01,7,VS,0,ND,0,0,ND,0,0,0,0,0,0,,
4/24/17,114,BELE-01,8,MS,0,-99,-99,-99,-99,-99,-99,-99,-99,-99,-99,ice damage dec08,
4/24/17,114,BEAL-01,9,VS,0,MS,0,0,M,0,0,0,0,0,0,,
4/24/17,114,COAL-04,10,-99,-99,-99,-99,-99,-99,-99,-99,-99,-99,-99,-99,dead,
4/24/17,114,QURU-01,11,MS,0,ND,0,0,ND,-99,-99,0,0,0,0,,
4/24/17,114,QUAL-05,12,SS,0,ND,0,0,ND,0,0,0,0,0,0,new tree 2005,
4/24/17,114,FAGR-01,13,SS,0,ND,0,0,ND,0,0,0,0,0,0,,
4/24/17,114,ACPE-01,14,VS,0,ND,0,0,ND,0,0,0,0,0,0,inner sheaths up to 4cm,
4/24/17,114,QUVE-01,15,MS,0,-99,-99,-99,-99,-99,-99,-99,-99,-99,-99,,
4/24/17,114,BEPA-01,16,SS,0,-99,-99,-99,-99,-99,-99,-99,-99,-99,-99,,
4/24/17,114,CRSP-01,17,VS,0,-99,-99,-99,-99,-99,-99,-99,-99,-99,-99,,
4/24/17,114,ACRU-02,18,MS,0,BB,100,25,M,-99,-99,0,0,0,0,,
4/24/17,114,ACPE-02,19,VS,0,ND,0,0,ND,0,0,0,0,0,0,inner sheaths up to 2.5cm,
4/24/17,114,FAGR-07,20,MS,0,VS,0,0,ND,-99,-99,0,0,0,0,new tree 2017 (05 dead),
4/24/17,114,ACPE-03,21,VS,0,ND,0,0,ND,0,0,0,0,0,0,inner sheaths up to 3.5cm,
4/24/17,114,HAVI-01,22,MS,0,ND,0,0,ND,0,0,0,0,0,0,,
4/24/17,114,BEAL-02,23,MS,0,ND,0,0,ND,0,0,0,0,0,0,,
4/24/17,114,BELE-02,24,MS,0,-99,-99,-99,-99,-99,-99,-99,-99,-99,-99,,
4/24/17,114,FAGR-06,25,SS,0,ND,0,0,ND,-99,-99,0,0,0,0,new tree fall 2004,
4/24/17,114,AMSP-03,26,MS,0,-99,-99,-99,-99,-99,-99,-99,-99,-99,-99,,
4/24/17,114,BEAL-03,27,MS,0,MS,0,0,M,0,0,0,0,0,0,,
4/24/17,114,HAVI-02,28,BB,5,ND,0,0,ND,0,0,0,0,0,0,,
4/24/17,114,QURU-02,29,SS,0,ND,0,0,ND,-99,-99,0,0,0,0,,
4/24/17,114,ACRU-03,30,VS,0,BB,100,80,M,-99,-99,0,0,0,0,,
4/24/17,114,ACPE-04,31,VS,0,ND,0,0,ND,0,0,0,0,0,0,inner sheaths up to 1.5cm,
4/24/17,114,QUVE-02,32,SS,0,-99,-99,-99,-99,-99,-99,-99,-99,-99,-99,tree unhealthy/dying?,
4/24/17,114,ACRU-04,33,VS,0,BB,100,70,M,0,0,0,0,0,0,,
4/24/17,114,QUAL-02,34,SS,0,ND,0,0,ND,-99,-99,0,0,0,0,,
4/24/17,114,CRSP-03,35,VS,0,-99,-99,-99,-99,-99,-99,-99,-99,-99,-99,,
4/24/17,114,BELE-03,36,MS,0,-99,-99,-99,-99,-99,-99,-99,-99,-99,-99,M catkins MS,
4/24/17,114,HAVI-03,37,VS,0,ND,0,0,ND,0,0,0,0,0,0,,
4/24/17,114,QUVE-03,38,SS,0,-99,-99,-99,-99,-99,-99,-99,-99,-99,-99,,
4/24/17,114,QUVE-04,39,SS,0,-99,-99,-99,-99,-99,-99,-99,-99,-99,-99,,
4/24/17,114,QURU-03,40,MS,0,ND,0,0,ND,-99,-99,0,0,0,0,,
4/24/17,114,CRSP-02,41,VS,0,-99,-99,-99,-99,-99,-99,-99,-99,-99,-99,,
4/24/17,114,PRSE-02,42,BB,97,-99,-99,-99,-99,-99,-99,-99,-99,-99,-99,,
4/24/17,114,BEPA-07,43,MS,0,-99,-99,-99,-99,-99,-99,-99,-99,-99,-99,new tree 2017(02 dead),
4/24/17,114,BEPA-06,44,MS,0,-99,-99,-99,-99,-99,-99,-99,-99,-99,-99,new tree 4-1-14 (03 dead),
4/24/17,114,BEPA-05,45,MS,0,-99,-99,-99,-99,-99,-99,-99,-99,-99,-99,M catkins MS,
4/24/17,114,COAL-06,46,BB,5,-99,-99,-99,-99,-99,-99,-99,-99,-99,-99,new tree 4-16-15 (03 dead),
4/24/17,114,FRAM-07,47,SS,0,ND,0,0,ND,-99,-99,0,0,0,0,new tree 5-1-08 (02 dead),
4/24/17,114,FAGR-04,48,VS,0,VS,0,0,ND,0,0,0,0,0,0,,
4/24/17,114,QUAL-03,49,SS,0,ND,0,0,ND,-99,-99,0,0,0,0,,
4/24/17,114,ACSA-02,50,VS,0,ND,0,0,ND,0,0,0,0,0,0,,
4/24/17,114,FRAM-03,51,SS,0,ND,0,0,ND,0,0,0,0,0,0,,
4/24/17,114,POTR-05,52,MS,0,-99,-99,-99,-99,-99,-99,-99,-99,-99,-99,new tree 5-19-11 (04 dead),
4/24/17,114,ACSA-04,53,VS,0,BB,5,0,ND,-99,-99,0,0,0,0,new tree fall 2007 (03 cut),
4/24/17,114,PRSE-04,54,BB,50,-99,-99,-99,-99,-99,-99,-99,-99,-99,-99,,
4/24/17,114,QURU-04,55,MS,0,ND,0,0,ND,-99,-99,0,0,0,0,,
4/24/17,114,ACRU-05,56,VS,0,BB,100,ND,F,0,0,0,0,0,0,,
4/24/17,114,FRAM-08,57,SS,0,ND,0,0,ND,-99,-99,0,0,0,0,new tree 4-1-15 (04 dead),
4/24/17,114,POTR-02,58,MS,0,-99,-99,-99,-99,-99,-99,-99,-99,-99,-99,fruit developing,
5/1/17,121,AMSP-01,1,BB,98,-99,-99,-99,-99,-99,-99,-99,-99,-99,-99,flwrs open,
5/1/17,121,FRAM-09,2,MS,0,ND,0,0,ND,-99,-99,0,0,0,0,new tree 2017,
5/1/17,121,PRSE-01,3,BB,100,-99,-99,-99,-99,-99,-99,-99,-99,-99,-99,,
5/1/17,121,ACRU-01,4,BB,10,BB,100,100,M,-99,-99,0,0,0,0,,
5/1/17,121,COAL-05,5,BB,100,-99,-99,-99,-99,-99,-99,-99,-99,-99,-99,new tree 2009 (01 dead?),
5/1/17,121,AMSP-02,6,BB,95,-99,-99,-99,-99,-99,-99,-99,-99,-99,-99,,
5/1/17,121,ACSA-01,7,BB,95,ND,0,0,ND,ND,ND,8,0,0,0,,
5/1/17,121,BELE-01,8,VS,0,-99,-99,-99,-99,-99,-99,-99,-99,-99,-99,ice damage dec08,
5/1/17,121,BEAL-01,9,BB,35,BB,100,0,M,0,0,0,0,0,0,,
5/1/17,121,COAL-04,10,-99,-99,-99,-99,-99,-99,-99,-99,-99,-99,-99,-99,dead,
5/1/17,121,QURU-01,11,BB,3,ND,0,0,ND,-99,-99,0,0,0,0,,
5/1/17,121,QUAL-05,12,VS,0,ND,0,0,ND,0,0,0,0,0,0,new tree 2005,
5/1/17,121,FAGR-01,13,VS,0,ND,0,0,ND,0,0,0,0,0,0,,
5/1/17,121,ACPE-01,14,BB,95,VS,0,0,ND,6,5,8,0,0,0,,
5/1/17,121,QUVE-01,15,VS,0,-99,-99,-99,-99,-99,-99,-99,-99,-99,-99,,
5/1/17,121,BEPA-01,16,BB,5,-99,-99,-99,-99,-99,-99,-99,-99,-99,-99,M catkins dangling,
5/1/17,121,CRSP-01,17,BB,90,-99,-99,-99,-99,-99,-99,-99,-99,-99,-99,,
5/1/17,121,ACRU-02,18,BB,10,BB,100,100,M,-99,-99,0,0,0,0,,
5/1/17,121,ACPE-02,19,BB,35,VS,0,0,ND,0,0,0,0,0,0,,
5/1/17,121,FAGR-07,20,BB,50,BB,100,ND,ND,-99,-99,0,0,0,0,new tree 2017 (05 dead),
5/1/17,121,ACPE-03,21,BB,15,VS,0,0,ND,0,0,0,0,0,0,,
5/1/17,121,HAVI-01,22,BB,65,ND,0,0,ND,0,0,0,0,0,0,,
5/1/17,121,BEAL-02,23,VS,0,ND,0,0,ND,0,0,0,0,0,0,,
5/1/17,121,BELE-02,24,VS,0,-99,-99,-99,-99,-99,-99,-99,-99,-99,-99,,
5/1/17,121,FAGR-06,25,BB,20,ND,0,0,ND,-99,-99,0,0,0,0,new tree fall 2004,
5/1/17,121,AMSP-03,26,BB,10,-99,-99,-99,-99,-99,-99,-99,-99,-99,-99,,
5/1/17,121,BEAL-03,27,BB,15,BB,90,0,M,0,0,0,0,0,0,,
5/1/17,121,HAVI-02,28,BB,90,ND,0,0,ND,0,0,0,0,0,0,,
5/1/17,121,QURU-02,29,MS,0,ND,0,0,ND,-99,-99,0,0,0,0,,
5/1/17,121,ACRU-03,30,VS,0,BB,100,100,M,-99,-99,0,0,0,0,,
5/1/17,121,ACPE-04,31,VS,0,ND,0,0,ND,0,0,0,0,0,0,inner sheaths up to 3.5cm,
5/1/17,121,QUVE-02,32,MS,0,-99,-99,-99,-99,-99,-99,-99,-99,-99,-99,tree unhealthy/dying?,
5/1/17,121,ACRU-04,33,BB,70,BB,100,100,M,0,0,0,0,0,0,,
5/1/17,121,QUAL-02,34,VS,0,ND,0,0,ND,-99,-99,0,0,0,0,,
5/1/17,121,CRSP-03,35,BB,60,-99,-99,-99,-99,-99,-99,-99,-99,-99,-99,,
5/1/17,121,BELE-03,36,VS,0,-99,-99,-99,-99,-99,-99,-99,-99,-99,-99,M catkins drooping,
5/1/17,121,HAVI-03,37,BB,80,ND,0,0,ND,0,0,0,0,0,0,,
5/1/17,121,QUVE-03,38,VS,0,-99,-99,-99,-99,-99,-99,-99,-99,-99,-99,,
5/1/17,121,QUVE-04,39,VS,0,-99,-99,-99,-99,-99,-99,-99,-99,-99,-99,,
5/1/17,121,QURU-03,40,BB,25,BB,20,0,ND,-99,-99,0,0,0,0,,
5/1/17,121,CRSP-02,41,BB,80,-99,-99,-99,-99,-99,-99,-99,-99,-99,-99,,
5/1/17,121,PRSE-02,42,BB,100,-99,-99,-99,-99,-99,-99,-99,-99,-99,-99,,
5/1/17,121,BEPA-07,43,BB,55,-99,-99,-99,-99,-99,-99,-99,-99,-99,-99,new tree 2017(02 dead),
5/1/17,121,BEPA-06,44,VS,0,-99,-99,-99,-99,-99,-99,-99,-99,-99,-99,new tree 4-1-14 (03 dead),
5/1/17,121,BEPA-05,45,BB,75,-99,-99,-99,-99,-99,-99,-99,-99,-99,-99,M catkins dangling,
5/1/17,121,COAL-06,46,BB,97,-99,-99,-99,-99,-99,-99,-99,-99,-99,-99,new tree 4-16-15 (03 dead),
5/1/17,121,FRAM-07,47,MS,0,VS,0,0,ND,-99,-99,0,0,0,0,new tree 5-1-08 (02 dead),
5/1/17,121,FAGR-04,48,BB,95,BB,100,ND,ND,7,3,8,0,0,0,,
5/1/17,121,QUAL-03,49,VS,0,ND,0,0,ND,-99,-99,0,0,0,0,,
5/1/17,121,ACSA-02,50,BB,98,ND,0,0,ND,ND,ND,5,0,0,0,,
5/1/17,121,FRAM-03,51,VS,0,ND,0,0,ND,0,0,0,0,0,0,,
5/1/17,121,POTR-05,52,BB,50,-99,-99,-99,-99,-99,-99,-99,-99,-99,-99,new tree 5-19-11 (04 dead),
5/1/17,121,ACSA-04,53,BB,98,BB,100,ND,ND,-99,-99,8,0,0,0,new tree fall 2007 (03 cut),
5/1/17,121,PRSE-04,54,BB,100,-99,-99,-99,-99,-99,-99,-99,-99,-99,-99,,
5/1/17,121,QURU-04,55,BB,10,BB,10,0,ND,-99,-99,0,0,0,0,,
5/1/17,121,ACRU-05,56,BB,60,BB,100,100,F,0,0,0,0,0,0,fruit dev. ~1.2cm,
5/1/17,121,FRAM-08,57,VS,0,ND,0,0,ND,-99,-99,0,0,0,0,new tree 4-1-15 (04 dead),
5/1/17,121,POTR-02,58,BB,100,-99,-99,-99,-99,-99,-99,-99,-99,-99,-99,fruit developing,
5/4/17,124,AMSP-01,1,BB,100,-99,-99,-99,-99,-99,-99,-99,-99,-99,-99,,
5/4/17,124,FRAM-09,2,MS,0,ND,0,0,ND,-99,-99,0,0,0,0,new tree 2017,
5/4/17,124,PRSE-01,3,BB,100,-99,-99,-99,-99,-99,-99,-99,-99,-99,-99,,
5/4/17,124,ACRU-01,4,BB,2,BB,100,100,M,-99,-99,0,0,0,0,,
5/4/17,124,COAL-05,5,BB,100,-99,-99,-99,-99,-99,-99,-99,-99,-99,-99,new tree 2009 (01 dead?),
5/4/17,124,AMSP-02,6,BB,100,-99,-99,-99,-99,-99,-99,-99,-99,-99,-99,,
5/4/17,124,ACSA-01,7,BB,99,ND,0,0,ND,ND,ND,8,0,0,0,,
5/4/17,124,BELE-01,8,VS,0,-99,-99,-99,-99,-99,-99,-99,-99,-99,-99,ice damage dec08,
5/4/17,124,BEAL-01,9,BB,85,BB,100,5,M,0,0,0,0,0,0,,
5/4/17,124,COAL-04,10,-99,-99,-99,-99,-99,-99,-99,-99,-99,-99,-99,-99,dead,
5/4/17,124,QURU-01,11,BB,60,BB,50,0,ND,-99,-99,0,0,0,0,,
5/4/17,124,QUAL-05,12,VS,0,ND,0,0,ND,0,0,0,0,0,0,new tree 2005,
5/4/17,124,FAGR-01,13,VS,0,ND,0,0,ND,0,0,0,0,0,0,,
5/4/17,124,ACPE-01,14,BB,99,BB,50,0,ND,7,7,10,0,0,0,,
5/4/17,124,QUVE-01,15,BB,50,-99,-99,-99,-99,-99,-99,-99,-99,-99,-99,,
5/4/17,124,BEPA-01,16,BB,60,-99,-99,-99,-99,-99,-99,-99,-99,-99,-99,M catkins dangling,
5/4/17,124,CRSP-01,17,BB,100,-99,-99,-99,-99,-99,-99,-99,-99,-99,-99,,
5/4/17,124,ACRU-02,18,BB,25,BB,100,100,M,-99,-99,0,0,0,0,,
5/4/17,124,ACPE-02,19,BB,95,VS,0,0,ND,6,5,5,0,0,0,,
5/4/17,124,FAGR-07,20,BB,75,BB,100,ND,ND,-99,-99,0,0,0,0,new tree 2017 (05 dead),
5/4/17,124,ACPE-03,21,BB,50,VS,0,0,ND,0,0,0,0,0,0,,
5/4/17,124,HAVI-01,22,BB,98,ND,0,0,ND,3,2,5,0,0,0,,
5/4/17,124,BEAL-02,23,BB,5,ND,0,0,ND,0,0,0,0,0,0,,
5/4/17,124,BELE-02,24,VS,0,-99,-99,-99,-99,-99,-99,-99,-99,-99,-99,,
5/4/17,124,FAGR-06,25,BB,75,ND,0,0,ND,-99,-99,0,0,0,0,new tree fall 2004,
5/4/17,124,AMSP-03,26,BB,80,-99,-99,-99,-99,-99,-99,-99,-99,-99,-99,,
5/4/17,124,BEAL-03,27,BB,65,BB,100,10,M,0,0,0,0,0,0,,
5/4/17,124,HAVI-02,28,BB,100,ND,0,0,ND,4,3,8,0,0,0,,
5/4/17,124,QURU-02,29,VS,0,ND,0,0,ND,-99,-99,0,0,0,0,,
5/4/17,124,ACRU-03,30,BB,5,BB,100,100,M,-99,-99,0,0,0,0,,
5/4/17,124,ACPE-04,31,VS,0,ND,0,0,ND,0,0,0,0,0,0,inner sheaths splitting,
5/4/17,124,QUVE-02,32,VS,0,-99,-99,-99,-99,-99,-99,-99,-99,-99,-99,tree unhealthy/dying?,
5/4/17,124,ACRU-04,33,BB,98,BB,100,100,M,ND,ND,5,0,0,0,not many flwrs,
5/4/17,124,QUAL-02,34,VS,0,ND,0,0,ND,-99,-99,0,0,0,0,,
5/4/17,124,CRSP-03,35,BB,90,-99,-99,-99,-99,-99,-99,-99,-99,-99,-99,,
5/4/17,124,BELE-03,36,BB,2,-99,-99,-99,-99,-99,-99,-99,-99,-99,-99,M catkins just dangling,
5/4/17,124,HAVI-03,37,BB,98,ND,0,0,ND,4,3,5,0,0,0,,
5/4/17,124,QUVE-03,38,BB,40,-99,-99,-99,-99,-99,-99,-99,-99,-99,-99,,
5/4/17,124,QUVE-04,39,VS,0,-99,-99,-99,-99,-99,-99,-99,-99,-99,-99,,
5/4/17,124,QURU-03,40,BB,70,BB,50,0,ND,-99,-99,0,0,0,0,,
5/4/17,124,CRSP-02,41,BB,98,-99,-99,-99,-99,-99,-99,-99,-99,-99,-99,,
5/4/17,124,PRSE-02,42,BB,100,-99,-99,-99,-99,-99,-99,-99,-99,-99,-99,,
5/4/17,124,BEPA-07,43,BB,90,-99,-99,-99,-99,-99,-99,-99,-99,-99,-99,new tree 2017(02 dead),
5/4/17,124,BEPA-06,44,BB,2,-99,-99,-99,-99,-99,-99,-99,-99,-99,-99,new tree 4-1-14 (03 dead),
5/4/17,124,BEPA-05,45,BB,95,-99,-99,-99,-99,-99,-99,-99,-99,-99,-99,M catkins dangling,
5/4/17,124,COAL-06,46,BB,99,-99,-99,-99,-99,-99,-99,-99,-99,-99,-99,new tree 4-16-15 (03 dead),
5/4/17,124,FRAM-07,47,MS,0,ND,0,0,ND,-99,-99,0,0,0,0,new tree 5-1-08 (02 dead),
5/4/17,124,FAGR-04,48,BB,99,BB,100,ND,ND,9,4,13,0,0,0,,
5/4/17,124,QUAL-03,49,VS,0,ND,0,0,ND,-99,-99,0,0,0,0,,
5/4/17,124,ACSA-02,50,BB,99,ND,0,0,ND,5,3,8,0,0,0,,
5/4/17,124,FRAM-03,51,VS,0,ND,0,0,ND,0,0,0,0,0,0,,
5/4/17,124,POTR-05,52,BB,55,-99,-99,-99,-99,-99,-99,-99,-99,-99,-99,new tree 5-19-11 (04 dead),
5/4/17,124,ACSA-04,53,BB,100,BB,100,50,ND,-99,-99,15,0,0,0,new tree fall 2007 (03 cut),
5/4/17,124,PRSE-04,54,BB,100,-99,-99,-99,-99,-99,-99,-99,-99,-99,-99,,
5/4/17,124,QURU-04,55,BB,75,BB,40,0,ND,-99,-99,0,0,0,0,,
5/4/17,124,ACRU-05,56,BB,90,BB,100,100,F,ND,ND,8,0,0,0,fruit dev up to 1.5cm,
5/4/17,124,FRAM-08,57,VS,0,ND,0,0,ND,-99,-99,0,0,0,0,new tree 4-1-15 (04 dead),
5/4/17,124,POTR-02,58,BB,100,-99,-99,-99,-99,-99,-99,-99,-99,-99,-99,fruit developing,
5/10/17,130,AMSP-01,1,BB,100,-99,-99,-99,-99,-99,-99,-99,-99,-99,-99,,
5/10/17,130,FRAM-09,2,VS,0,ND,0,0,ND,-99,-99,0,0,0,0,new tree 2017,
5/10/17,130,PRSE-01,3,BB,100,-99,-99,-99,-99,-99,-99,-99,-99,-99,-99,,
5/10/17,130,ACRU-01,4,BB,3,BB,100,100,M,-99,-99,0,0,0,0,,
5/10/17,130,COAL-05,5,BB,100,-99,-99,-99,-99,-99,-99,-99,-99,-99,-99,new tree 2009 (01 dead?),
5/10/17,130,AMSP-02,6,BB,100,-99,-99,-99,-99,-99,-99,-99,-99,-99,-99,,
5/10/17,130,ACSA-01,7,BB,100,ND,0,0,ND,6,7,15,0,0,0,,
5/10/17,130,BELE-01,8,BB,50,-99,-99,-99,-99,-99,-99,-99,-99,-99,-99,ice damage dec08,
5/10/17,130,BEAL-01,9,BB,99,BB,100,90,M,7,4,15,0,0,0,,
5/10/17,130,COAL-04,10,-99,-99,-99,-99,-99,-99,-99,-99,-99,-99,-99,-99,dead,
5/10/17,130,QURU-01,11,BB,95,BB,80,0,ND,-99,-99,5,0,0,0,,
5/10/17,130,QUAL-05,12,BB,2,ND,0,0,ND,0,0,0,0,0,0,new tree 2005,
5/10/17,130,FAGR-01,13,BB,10,ND,0,0,ND,0,0,0,0,0,0,,
5/10/17,130,ACPE-01,14,BB,100,BB,100,0,ND,ND,ND,ND,0,0,0,,
5/10/17,130,QUVE-01,15,BB,90,-99,-99,-99,-99,-99,-99,-99,-99,-99,-99,,
5/10/17,130,BEPA-01,16,BB,93,-99,-99,-99,-99,-99,-99,-99,-99,-99,-99,,
5/10/17,130,CRSP-01,17,BB,100,-99,-99,-99,-99,-99,-99,-99,-99,-99,-99,,
5/10/17,130,ACRU-02,18,BB,65,BB,100,100,M,-99,-99,0,0,0,0,,
5/10/17,130,ACPE-02,19,BB,100,BB,50,0,M,8,8,10,0,0,0,,
5/10/17,130,FAGR-07,20,BB,100,BB,100,100,ND,-99,-99,15,0,0,0,new tree 2017 (05 dead),
5/10/17,130,ACPE-03,21,BB,100,VS,0,0,ND,9,7,13,0,0,0,flwrs just emerging,
5/10/17,130,HAVI-01,22,BB,100,ND,0,0,ND,5,3,10,0,0,0,,
5/10/17,130,BEAL-02,23,BB,40,ND,0,0,ND,0,0,0,0,0,0,,
5/10/17,130,BELE-02,24,BB,5,-99,-99,-99,-99,-99,-99,-99,-99,-99,-99,,
5/10/17,130,FAGR-06,25,BB,90,ND,0,0,ND,-99,-99,0,0,0,0,new tree fall 2004,
5/10/17,130,AMSP-03,26,BB,99,-99,-99,-99,-99,-99,-99,-99,-99,-99,-99,,
5/10/17,130,BEAL-03,27,BB,97,BB,100,90,M,-99,-99,10,0,0,0,,
5/10/17,130,HAVI-02,28,BB,100,ND,0,0,ND,6,4,18,0,0,0,,
5/10/17,130,QURU-02,29,BB,5,ND,0,0,ND,-99,-99,0,0,0,0,,
5/10/17,130,ACRU-03,30,BB,60,BB,100,100,M,-99,-99,0,0,0,0,,
5/10/17,130,ACPE-04,31,BB,70,ND,0,0,ND,0,0,0,0,0,0,,
5/10/17,130,QUVE-02,32,VS,0,-99,-99,-99,-99,-99,-99,-99,-99,-99,-99,tree unhealthy/dying?,
5/10/17,130,ACRU-04,33,BB,100,BB,100,100,M,5,3,8,0,0,0,,
5/10/17,130,QUAL-02,34,VS,0,ND,0,0,ND,-99,-99,0,0,0,0,,
5/10/17,130,CRSP-03,35,BB,100,-99,-99,-99,-99,-99,-99,-99,-99,-99,-99,,
5/10/17,130,BELE-03,36,BB,25,-99,-99,-99,-99,-99,-99,-99,-99,-99,-99,M catkins dangling,
5/10/17,130,HAVI-03,37,BB,100,ND,0,0,ND,6,4,13,0,0,0,,
5/10/17,130,QUVE-03,38,BB,95,-99,-99,-99,-99,-99,-99,-99,-99,-99,-99,,
5/10/17,130,QUVE-04,39,BB,70,-99,-99,-99,-99,-99,-99,-99,-99,-99,-99,,
5/10/17,130,QURU-03,40,BB,90,BB,90,0,ND,-99,-99,5,0,0,0,,
5/10/17,130,CRSP-02,41,BB,100,-99,-99,-99,-99,-99,-99,-99,-99,-99,-99,,
5/10/17,130,PRSE-02,42,BB,100,-99,-99,-99,-99,-99,-99,-99,-99,-99,-99,,
5/10/17,130,BEPA-07,43,BB,99,-99,-99,-99,-99,-99,-99,-99,-99,-99,-99,new tree 2017(02 dead),
5/10/17,130,BEPA-06,44,BB,65,-99,-99,-99,-99,-99,-99,-99,-99,-99,-99,new tree 4-1-14 (03 dead),
5/10/17,130,BEPA-05,45,BB,99,-99,-99,-99,-99,-99,-99,-99,-99,-99,-99,most M catkins fallen,
5/10/17,130,COAL-06,46,BB,100,-99,-99,-99,-99,-99,-99,-99,-99,-99,-99,new tree 4-16-15 (03 dead),
5/10/17,130,FRAM-07,47,VS,0,ND,0,0,ND,-99,-99,0,0,0,0,new tree 5-1-08 (02 dead),
5/10/17,130,FAGR-04,48,BB,100,BB,100,100,ND,12,5,20,0,0,0,,
5/10/17,130,QUAL-03,49,BB,2,ND,0,0,ND,-99,-99,0,0,0,0,,
5/10/17,130,ACSA-02,50,BB,100,ND,0,0,ND,8,5,13,0,0,0,,
5/10/17,130,FRAM-03,51,BB,15,ND,0,0,ND,0,0,0,0,0,0,,
5/10/17,130,POTR-05,52,BB,85,-99,-99,-99,-99,-99,-99,-99,-99,-99,-99,new tree 5-19-11 (04 dead),
5/10/17,130,ACSA-04,53,BB,100,BB,100,100,ND,-99,-99,25,0,0,0,new tree fall 2007 (03 cut),
5/10/17,130,PRSE-04,54,BB,100,-99,-99,-99,-99,-99,-99,-99,-99,-99,-99,,
5/10/17,130,QURU-04,55,BB,93,BB,90,0,ND,-99,-99,5,0,0,0,,
5/10/17,130,ACRU-05,56,BB,90,BB,100,100,F,6,4,13,0,0,0,lots of fruit devolping,
5/10/17,130,FRAM-08,57,BB,5,ND,0,0,ND,-99,-99,0,0,0,0,new tree 4-1-15 (04 dead),
5/10/17,130,POTR-02,58,BB,100,-99,-99,-99,-99,-99,-99,-99,-99,-99,-99,fruit still on,
5/16/17,136,AMSP-01,1,BB,100,-99,-99,-99,-99,-99,-99,-99,-99,-99,-99,,
5/16/17,136,FRAM-09,2,BB,50,ND,0,0,ND,-99,-99,0,0,0,0,new tree 2017,
5/16/17,136,PRSE-01,3,BB,100,-99,-99,-99,-99,-99,-99,-99,-99,-99,-99,,
5/16/17,136,ACRU-01,4,BB,30,BB,100,100,M,-99,-99,0,0,0,0,,
5/16/17,136,COAL-05,5,BB,100,-99,-99,-99,-99,-99,-99,-99,-99,-99,-99,new tree 2009 (01 dead?),
5/16/17,136,AMSP-02,6,BB,100,-99,-99,-99,-99,-99,-99,-99,-99,-99,-99,,
5/16/17,136,ACSA-01,7,BB,100,ND,0,0,ND,10,11,33,0,0,0,,
5/16/17,136,BELE-01,8,BB,99,-99,-99,-99,-99,-99,-99,-99,-99,-99,-99,ice damage dec08,
5/16/17,136,BEAL-01,9,BB,100,BB,100,100,M,10,5,23,0,0,0,,
5/16/17,136,COAL-04,10,-99,-99,-99,-99,-99,-99,-99,-99,-99,-99,-99,-99,dead,
5/16/17,136,QURU-01,11,BB,100,BB,100,0,ND,-99,-99,8,0,0,0,,
5/16/17,136,QUAL-05,12,BB,95,ND,0,0,ND,ND,ND,5,0,0,0,new tree 2005,
5/16/17,136,FAGR-01,13,BB,85,ND,0,0,ND,8,4.5,15,0,0,0,,
5/16/17,136,ACPE-01,14,BB,100,BB,100,0,M&F,11,15,30,0,0,0,,
5/16/17,136,QUVE-01,15,BB,80,-99,-99,-99,-99,-99,-99,-99,-99,-99,-99,,
5/16/17,136,BEPA-01,16,BB,90,-99,-99,-99,-99,-99,-99,-99,-99,-99,-99,,
5/16/17,136,CRSP-01,17,BB,100,-99,-99,-99,-99,-99,-99,-99,-99,-99,-99,,
5/16/17,136,ACRU-02,18,BB,97,BB,100,100,M,-99,-99,5,0,0,0,,
5/16/17,136,ACPE-02,19,BB,100,BB,90,0,M,11,9,18,0,0,0,,
5/16/17,136,FAGR-07,20,BB,100,BB,100,100,ND,-99,-99,25,0,0,0,new tree 2017 (05 dead),
5/16/17,136,ACPE-03,21,BB,100,BB,80,0,M,12,12,20,0,0,0,,
5/16/17,136,HAVI-01,22,BB,100,ND,0,0,ND,7,5,20,0,0,0,,
5/16/17,136,BEAL-02,23,BB,77,ND,0,0,ND,0,0,0,0,0,0,,
5/16/17,136,BELE-02,24,BB,67,-99,-99,-99,-99,-99,-99,-99,-99,-99,-99,,
5/16/17,136,FAGR-06,25,BB,100,ND,0,0,ND,-99,-99,20,0,0,0,new tree fall 2004,
5/16/17,136,AMSP-03,26,BB,100,-99,-99,-99,-99,-99,-99,-99,-99,-99,-99,,
5/16/17,136,BEAL-03,27,BB,100,BB,100,100,M,-99,-99,23,0,0,0,,
5/16/17,136,HAVI-02,28,BB,100,ND,0,0,ND,7,6,30,0,0,0,,
5/16/17,136,QURU-02,29,BB,70,ND,0,0,ND,-99,-99,0,0,0,0,,
5/16/17,136,ACRU-03,30,BB,97,BB,100,100,M,-99,-99,5,0,0,0,,
5/16/17,136,ACPE-04,31,BB,100,ND,0,0,ND,7,7,13,0,0,0,,
5/16/17,136,QUVE-02,32,BB,50,-99,-99,-99,-99,-99,-99,-99,-99,-99,-99,tree unhealthy/dying?,
5/16/17,136,ACRU-04,33,BB,100,BB,100,100,M,7,5,13,0,0,0,,
5/16/17,136,QUAL-02,34,BB,55,ND,0,0,ND,-99,-99,0,0,0,0,,
5/16/17,136,CRSP-03,35,BB,100,-99,-99,-99,-99,-99,-99,-99,-99,-99,-99,,
5/16/17,136,BELE-03,36,BB,50,-99,-99,-99,-99,-99,-99,-99,-99,-99,-99,,
5/16/17,136,HAVI-03,37,BB,100,ND,0,0,ND,7,5,20,0,0,0,,
5/16/17,136,QUVE-03,38,BB,99,-99,-99,-99,-99,-99,-99,-99,-99,-99,-99,,
5/16/17,136,QUVE-04,39,BB,97,-99,-99,-99,-99,-99,-99,-99,-99,-99,-99,,
5/16/17,136,QURU-03,40,BB,99,BB,100,ND,ND,-99,-99,8,0,0,0,,
5/16/17,136,CRSP-02,41,BB,100,-99,-99,-99,-99,-99,-99,-99,-99,-99,-99,,
5/16/17,136,PRSE-02,42,BB,100,-99,-99,-99,-99,-99,-99,-99,-99,-99,-99,,
5/16/17,136,BEPA-07,43,BB,100,-99,-99,-99,-99,-99,-99,-99,-99,-99,-99,new tree 2017(02 dead),
5/16/17,136,BEPA-06,44,BB,100,-99,-99,-99,-99,-99,-99,-99,-99,-99,-99,new tree 4-1-14 (03 dead),
5/16/17,136,BEPA-05,45,BB,100,-99,-99,-99,-99,-99,-99,-99,-99,-99,-99,,
5/16/17,136,COAL-06,46,BB,100,-99,-99,-99,-99,-99,-99,-99,-99,-99,-99,new tree 4-16-15 (03 dead),
5/16/17,136,FRAM-07,47,BB,10,ND,0,0,ND,-99,-99,0,0,0,0,new tree 5-1-08 (02 dead),
5/16/17,136,FAGR-04,48,BB,100,BB,100,100,ND,15,7,45,0,0,0,,
5/16/17,136,QUAL-03,49,BB,50,ND,0,0,ND,-99,-99,0,0,0,0,,
5/16/17,136,ACSA-02,50,BB,100,ND,0,0,ND,10,9,40,0,0,0,,
5/16/17,136,FRAM-03,51,BB,85,ND,0,0,ND,0,0,0,0,0,0,,
5/16/17,136,POTR-05,52,BB,100,-99,-99,-99,-99,-99,-99,-99,-99,-99,-99,new tree 5-19-11 (04 dead),
5/16/17,136,ACSA-04,53,BB,100,BB,100,100,ND,-99,-99,40,0,0,0,new tree fall 2007 (03 cut),
5/16/17,136,PRSE-04,54,BB,100,-99,-99,-99,-99,-99,-99,-99,-99,-99,-99,,
5/16/17,136,QURU-04,55,BB,100,BB,100,0,ND,-99,-99,10,0,0,0,,
5/16/17,136,ACRU-05,56,BB,98,BB,100,100,F,7,5,13,0,0,0,lots of fruit! ~2.0cm,
5/16/17,136,FRAM-08,57,BB,40,ND,0,0,ND,-99,-99,0,0,0,0,new tree 4-1-15 (04 dead),
5/16/17,136,POTR-02,58,BB,100,-99,-99,-99,-99,-99,-99,-99,-99,-99,-99,most fruit still on?,
5/21/17,141,AMSP-01,1,BB,100,-99,-99,-99,-99,-99,-99,-99,-99,-99,-99,,
5/21/17,141,FRAM-09,2,BB,95,ND,0,0,ND,-99,-99,8,0,0,0,new tree 2017,
5/21/17,141,PRSE-01,3,BB,100,-99,-99,-99,-99,-99,-99,-99,-99,-99,-99,,
5/21/17,141,ACRU-01,4,BB,99,BB,100,100,M,-99,-99,28,0,0,0,,
5/21/17,141,COAL-05,5,BB,100,-99,-99,-99,-99,-99,-99,-99,-99,-99,-99,new tree 2009 (01 dead?),
5/21/17,141,AMSP-02,6,BB,100,-99,-99,-99,-99,-99,-99,-99,-99,-99,-99,,
5/21/17,141,ACSA-01,7,BB,100,ND,0,0,ND,14,15,65,60,5,F,,
5/21/17,141,BELE-01,8,BB,100,-99,-99,-99,-99,-99,-99,-99,-99,-99,-99,ice damage dec08,
5/21/17,141,BEAL-01,9,BB,100,BB,100,100,M,13,8,60,50,5,S,,
5/21/17,141,COAL-04,10,-99,-99,-99,-99,-99,-99,-99,-99,-99,-99,-99,-99,dead,
5/21/17,141,QURU-01,11,BB,100,BB,100,95,ND,-99,-99,33,0,0,0,,
5/21/17,141,QUAL-05,12,BB,100,ND,0,0,ND,8,5,15,0,0,0,new tree 2005,
5/21/17,141,FAGR-01,13,BB,100,ND,0,0,ND,17,8,53,30,0,0,,
5/21/17,141,ACPE-01,14,BB,100,BB,100,100,M&F,17,15,58,35,0,F,,
5/21/17,141,QUVE-01,15,BB,99,-99,-99,-99,-99,-99,-99,-99,-99,-99,-99,,
5/21/17,141,BEPA-01,16,BB,100,-99,-99,-99,-99,-99,-99,-99,-99,-99,-99,,
5/21/17,141,CRSP-01,17,BB,100,-99,-99,-99,-99,-99,-99,-99,-99,-99,-99,,
5/21/17,141,ACRU-02,18,BB,100,BB,100,100,M,-99,-99,33,0,0,F,,
5/21/17,141,ACPE-02,19,BB,100,BB,100,0,M,15,15,35,0,0,F,,
5/21/17,141,FAGR-07,20,BB,100,BB,100,100,ND,-99,-99,58,45,0,0,new tree 2017 (05 dead),
5/21/17,141,ACPE-03,21,BB,100,BB,100,0,M,16,17,48,10,0,F, ,
5/21/17,141,HAVI-01,22,BB,100,ND,0,0,ND,11,7,50,20,0,0,,
5/21/17,141,BEAL-02,23,BB,100,ND,0,0,ND,ND,ND,48,0,0,F,,
5/21/17,141,BELE-02,24,BB,100,-99,-99,-99,-99,-99,-99,-99,-99,-99,-99,,
5/21/17,141,FAGR-06,25,BB,100,ND,0,0,ND,-99,-99,55,20,0,0,new tree fall 2004,
5/21/17,141,AMSP-03,26,BB,100,-99,-99,-99,-99,-99,-99,-99,-99,-99,-99,,
5/21/17,141,BEAL-03,27,BB,100,BB,100,100,M,-99,-99,55,35,0,S,,
5/21/17,141,HAVI-02,28,BB,100,ND,0,0,ND,10,8,60,25,0,0,,
5/21/17,141,QURU-02,29,BB,100,ND,0,0,ND,-99,-99,13,0,0,0,,
5/21/17,141,ACRU-03,30,BB,100,BB,100,100,M,-99,-99,35,0,0,0,,
5/21/17,141,ACPE-04,31,BB,100,ND,0,0,ND,10,11,38,0,0,0,,
5/21/17,141,QUVE-02,32,BB,98,-99,-99,-99,-99,-99,-99,-99,-99,-99,-99,tree unhealthy/dying?,
5/21/17,141,ACRU-04,33,BB,100,BB,100,100,M,11,13,48,10,0,0,,
5/21/17,141,QUAL-02,34,BB,98,ND,0,0,ND,-99,-99,10,0,0,0,,
5/21/17,141,CRSP-03,35,BB,100,-99,-99,-99,-99,-99,-99,-99,-99,-99,-99,,
5/21/17,141,BELE-03,36,BB,100,-99,-99,-99,-99,-99,-99,-99,-99,-99,-99,,
5/21/17,141,HAVI-03,37,BB,100,ND,0,0,ND,11,8,60,35,0,F,,
5/21/17,141,QUVE-03,38,BB,100,-99,-99,-99,-99,-99,-99,-99,-99,-99,-99,,
5/21/17,141,QUVE-04,39,BB,100,-99,-99,-99,-99,-99,-99,-99,-99,-99,-99,,
5/21/17,141,QURU-03,40,BB,100,BB,100,100,ND,-99,-99,28,0,0,0,,
5/21/17,141,CRSP-02,41,BB,100,-99,-99,-99,-99,-99,-99,-99,-99,-99,-99,,
5/21/17,141,PRSE-02,42,BB,100,-99,-99,-99,-99,-99,-99,-99,-99,-99,-99,,
5/21/17,141,BEPA-07,43,BB,100,-99,-99,-99,-99,-99,-99,-99,-99,-99,-99,new tree 2017(02 dead),
5/21/17,141,BEPA-06,44,BB,100,-99,-99,-99,-99,-99,-99,-99,-99,-99,-99,new tree 4-1-14 (03 dead),
5/21/17,141,BEPA-05,45,BB,100,-99,-99,-99,-99,-99,-99,-99,-99,-99,-99,,
5/21/17,141,COAL-06,46,BB,100,-99,-99,-99,-99,-99,-99,-99,-99,-99,-99,new tree 4-16-15 (03 dead),
5/21/17,141,FRAM-07,47,BB,100,ND,0,0,ND,-99,-99,8,0,0,0,new tree 5-1-08 (02 dead),
5/21/17,141,FAGR-04,48,BB,100,BB,100,100,ND,17,9,63,50,5,0,,
5/21/17,141,QUAL-03,49,BB,97,ND,0,0,ND,-99,-99,13,0,0,0,,
5/21/17,141,ACSA-02,50,BB,100,ND,0,0,ND,14,15,80,80,30,F,,
5/21/17,141,FRAM-03,51,BB,100,ND,0,0,ND,22,11,18,0,0,0,,
5/21/17,141,POTR-05,52,BB,100,-99,-99,-99,-99,-99,-99,-99,-99,-99,-99,new tree 5-19-11 (04 dead),
5/21/17,141,ACSA-04,53,BB,100,BB,100,100,ND,-99,-99,65,60,15,0,new tree fall 2007 (03 cut),
5/21/17,141,PRSE-04,54,BB,100,-99,-99,-99,-99,-99,-99,-99,-99,-99,-99,,
5/21/17,141,QURU-04,55,BB,100,BB,100,90,ND,-99,-99,35,0,0,0,,
5/21/17,141,ACRU-05,56,BB,100,BB,100,100,F,12,12,55,35,0,0,,
5/21/17,141,FRAM-08,57,BB,100,ND,0,0,ND,-99,-99,15,0,0,0,new tree 4-1-15 (04 dead),
5/21/17,141,POTR-02,58,BB,100,-99,-99,-99,-99,-99,-99,-99,-99,-99,-99,fruit gone?,
5/27/17,147,AMSP-01,1,BB,100,-99,-99,-99,-99,-99,-99,-99,-99,-99,-99,,
5/27/17,147,FRAM-09,2,BB,100,ND,0,0,ND,-99,-99,18,0,0,0,new tree 2017,
5/27/17,147,PRSE-01,3,BB,100,-99,-99,-99,-99,-99,-99,-99,-99,-99,-99,,
5/27/17,147,ACRU-01,4,BB,100,BB,100,100,M,-99,-99,43,20,0,S,,
5/27/17,147,COAL-05,5,BB,100,-99,-99,-99,-99,-99,-99,-99,-99,-99,-99,new tree 2009 (01 dead?),
5/27/17,147,AMSP-02,6,BB,100,-99,-99,-99,-99,-99,-99,-99,-99,-99,-99,,
5/27/17,147,ACSA-01,7,BB,100,ND,0,0,ND,14,15,68,65,10,F,,
5/27/17,147,BELE-01,8,BB,100,-99,-99,-99,-99,-99,-99,-99,-99,-99,-99,ice damage dec08,
5/27/17,147,BEAL-01,9,BB,100,BB,100,100,M,13,8,70,70,10,S,,
5/27/17,147,COAL-04,10,-99,-99,-99,-99,-99,-99,-99,-99,-99,-99,-99,-99,dead,
5/27/17,147,QURU-01,11,BB,100,BB,100,100,ND,-99,-99,40,0,0,0,,
5/27/17,147,QUAL-05,12,BB,100,ND,0,0,ND,14,9,30,0,0,0,new tree 2005,
5/27/17,147,FAGR-01,13,BB,100,ND,0,0,ND,18,9,68,60,10,0,,
5/27/17,147,ACPE-01,14,BB,100,BB,100,100,M&F,20,17,65,65,5,S,,
5/27/17,147,QUVE-01,15,BB,100,-99,-99,-99,-99,-99,-99,-99,-99,-99,-99,,
5/27/17,147,BEPA-01,16,BB,100,-99,-99,-99,-99,-99,-99,-99,-99,-99,-99,,
5/27/17,147,CRSP-01,17,BB,100,-99,-99,-99,-99,-99,-99,-99,-99,-99,-99,,
5/27/17,147,ACRU-02,18,BB,100,BB,100,100,M,-99,-99,50,10,0,F,,
5/27/17,147,ACPE-02,19,BB,100,BB,100,60,M,18,17,48,15,0,F,,
5/27/17,147,FAGR-07,20,BB,100,BB,100,100,ND,-99,-99,63,55,5,F,new tree 2017 (05 dead),
5/27/17,147,ACPE-03,21,BB,100,BB,100,30,M,19,20,55,50,5,S,,
5/27/17,147,HAVI-01,22,BB,100,ND,0,0,ND,12,9,60,60,0,0,,
5/27/17,147,BEAL-02,23,BB,100,ND,0,0,ND,9,5,65,45,0,S,,
5/27/17,147,BELE-02,24,BB,100,-99,-99,-99,-99,-99,-99,-99,-99,-99,-99,,
5/27/17,147,FAGR-06,25,BB,100,ND,0,0,ND,-99,-99,75,75,20,0,new tree fall 2004,
5/27/17,147,AMSP-03,26,BB,100,-99,-99,-99,-99,-99,-99,-99,-99,-99,-99,,
5/27/17,147,BEAL-03,27,BB,100,BB,100,100,M,-99,-99,68,65,10,S,,
5/27/17,147,HAVI-02,28,BB,100,ND,0,0,ND,11,9,75,75,29,F,,
5/27/17,147,QURU-02,29,BB,100,ND,0,0,ND,-99,-99,28,0,0,0,,
5/27/17,147,ACRU-03,30,BB,100,BB,100,100,M,-99,-99,48,10,0,F,,
5/27/17,147,ACPE-04,31,BB,100,ND,0,0,ND,12,14,48,0,0,F,,
5/27/17,147,QUVE-02,32,BB,100,-99,-99,-99,-99,-99,-99,-99,-99,-99,-99,tree unhealthy/dying?,
5/27/17,147,ACRU-04,33,BB,100,BB,100,100,M,11,13,50,20,0,F,,
5/27/17,147,QUAL-02,34,BB,100,ND,0,0,ND,-99,-99,20,0,0,0,,
5/27/17,147,CRSP-03,35,BB,100,-99,-99,-99,-99,-99,-99,-99,-99,-99,-99,,
5/27/17,147,BELE-03,36,BB,100,-99,-99,-99,-99,-99,-99,-99,-99,-99,-99,,
5/27/17,147,HAVI-03,37,BB,100,ND,0,0,ND,11,8,68,65,10,F,,
5/27/17,147,QUVE-03,38,BB,100,-99,-99,-99,-99,-99,-99,-99,-99,-99,-99,,
5/27/17,147,QUVE-04,39,BB,100,-99,-99,-99,-99,-99,-99,-99,-99,-99,-99,,
5/27/17,147,QURU-03,40,BB,100,BB,100,100,ND,-99,-99,45,0,0,F,,
5/27/17,147,CRSP-02,41,BB,100,-99,-99,-99,-99,-99,-99,-99,-99,-99,-99,,
5/27/17,147,PRSE-02,42,BB,100,-99,-99,-99,-99,-99,-99,-99,-99,-99,-99,,
5/27/17,147,BEPA-07,43,BB,100,-99,-99,-99,-99,-99,-99,-99,-99,-99,-99,new tree 2017(02 dead),
5/27/17,147,BEPA-06,44,BB,100,-99,-99,-99,-99,-99,-99,-99,-99,-99,-99,new tree 4-1-14 (03 dead),
5/27/17,147,BEPA-05,45,BB,100,-99,-99,-99,-99,-99,-99,-99,-99,-99,-99,,
5/27/17,147,COAL-06,46,BB,100,-99,-99,-99,-99,-99,-99,-99,-99,-99,-99,new tree 4-16-15 (03 dead),
5/27/17,147,FRAM-07,47,BB,100,ND,0,0,ND,-99,-99,20,0,0,0,new tree 5-1-08 (02 dead),
5/27/17,147,FAGR-04,48,BB,100,BB,100,100,ND,17,8,75,75,20,S,,
5/27/17,147,QUAL-03,49,BB,100,ND,0,0,ND,-99,-99,30,0,0,0,,
5/27/17,147,ACSA-02,50,BB,100,ND,0,0,ND,16,17,85,80,80,F,,
5/27/17,147,FRAM-03,51,BB,100,ND,0,0,ND,28,16,33,0,0,0,,
5/27/17,147,POTR-05,52,BB,100,-99,-99,-99,-99,-99,-99,-99,-99,-99,-99,new tree 5-19-11 (04 dead),
5/27/17,147,ACSA-04,53,BB,100,BB,100,100,ND,-99,-99,80,80,65,0,new tree fall 2007 (03 cut),
5/27/17,147,PRSE-04,54,BB,100,-99,-99,-99,-99,-99,-99,-99,-99,-99,-99,,
5/27/17,147,QURU-04,55,BB,100,BB,100,100,ND,-99,-99,58,15,0,0,,
5/27/17,147,ACRU-05,56,BB,100,BB,100,100,F,12,11,55,25,0,F,fruit strating to fall,
5/27/17,147,FRAM-08,57,BB,100,ND,0,0,ND,-99,-99,23,0,0,0,new tree 4-1-15 (04 dead),
5/27/17,147,POTR-02,58,BB,100,-99,-99,-99,-99,-99,-99,-99,-99,-99,-99,,
6/2/17,153,AMSP-01,1,BB,100,-99,-99,-99,-99,-99,-99,-99,-99,-99,-99,,
6/2/17,153,FRAM-09,2,BB,100,ND,0,0,ND,-99,-99,40,0,0,0,new tree 2017,
6/2/17,153,PRSE-01,3,BB,100,-99,-99,-99,-99,-99,-99,-99,-99,-99,-99,,
6/2/17,153,ACRU-01,4,BB,100,BB,100,100,M,-99,-99,70,75,20,S,,
6/2/17,153,COAL-05,5,BB,100,-99,-99,-99,-99,-99,-99,-99,-99,-99,-99,new tree 2009 (01 dead?),
6/2/17,153,AMSP-02,6,BB,100,-99,-99,-99,-99,-99,-99,-99,-99,-99,-99,,
6/2/17,153,ACSA-01,7,BB,100,ND,0,0,ND,14,15,83,80,65,F,,
6/2/17,153,BELE-01,8,BB,100,-99,-99,-99,-99,-99,-99,-99,-99,-99,-99,ice damage dec08,
6/2/17,153,BEAL-01,9,BB,100,BB,100,100,M,13,8,85,80,50,M,,
6/2/17,153,COAL-04,10,-99,-99,-99,-99,-99,-99,-99,-99,-99,-99,-99,-99,dead,
6/2/17,153,QURU-01,11,BB,100,BB,100,100,ND,-99,-99,65,60,0,0,,
6/2/17,153,QUAL-05,12,BB,100,ND,0,0,ND,18,12,58,25,0,0,new tree 2005,
6/2/17,153,FAGR-01,13,BB,100,ND,0,0,ND,18,9,75,75,30,F,,
6/2/17,153,ACPE-01,14,BB,100,BB,100,100,M&F,20,18,70,70,15,M,,
6/2/17,153,QUVE-01,15,BB,100,-99,-99,-99,-99,-99,-99,-99,-99,-99,-99,,
6/2/17,153,BEPA-01,16,BB,100,-99,-99,-99,-99,-99,-99,-99,-99,-99,-99,,
6/2/17,153,CRSP-01,17,BB,100,-99,-99,-99,-99,-99,-99,-99,-99,-99,-99,,
6/2/17,153,ACRU-02,18,BB,100,BB,100,100,M,-99,-99,70,75,15,S,,
6/2/17,153,ACPE-02,19,BB,100,BB,100,100,M,19,20,65,65,5,S,,
6/2/17,153,FAGR-07,20,BB,100,BB,100,100,ND,-99,-99,80,80,50,0,new tree 2017 (05 dead),
6/2/17,153,ACPE-03,21,BB,100,BB,100,100,M,20,20,75,75,15,S,,
6/2/17,153,HAVI-01,22,BB,100,ND,0,0,ND,13,10,75,75,20,F,,
6/2/17,153,BEAL-02,23,BB,100,ND,0,0,ND,9,6,80,80,25,F,,
6/2/17,153,BELE-02,24,BB,100,-99,-99,-99,-99,-99,-99,-99,-99,-99,-99,,
6/2/17,153,FAGR-06,25,BB,100,ND,0,0,ND,-99,-99,83,80,55,0,new tree fall 2004,
6/2/17,153,AMSP-03,26,BB,100,-99,-99,-99,-99,-99,-99,-99,-99,-99,-99,,
6/2/17,153,BEAL-03,27,BB,100,BB,100,100,M,-99,-99,80,80,60,S,,
6/2/17,153,HAVI-02,28,BB,100,ND,0,0,ND,11,9,78,80,30,0,,
6/2/17,153,QURU-02,29,BB,100,ND,0,0,ND,-99,-99,60,25,0,0,,
6/2/17,153,ACRU-03,30,BB,100,BB,100,100,M,-99,-99,68,65,5,S,,
6/2/17,153,ACPE-04,31,BB,100,ND,0,0,ND,15,17,68,55,5,0,,
6/2/17,153,QUVE-02,32,BB,100,-99,-99,-99,-99,-99,-99,-99,-99,-99,-99,tree unhealthy/dying?,
6/2/17,153,ACRU-04,33,BB,100,BB,100,100,M,12,14,68,60,10,0,,
6/2/17,153,QUAL-02,34,BB,100,ND,0,0,ND,-99,-99,60,50,0,0,,
6/2/17,153,CRSP-03,35,BB,100,-99,-99,-99,-99,-99,-99,-99,-99,-99,-99,,
6/2/17,153,BELE-03,36,BB,100,-99,-99,-99,-99,-99,-99,-99,-99,-99,-99,,
6/2/17,153,HAVI-03,37,BB,100,ND,0,0,ND,12,8,78,80,30,F,,
6/2/17,153,QUVE-03,38,BB,100,-99,-99,-99,-99,-99,-99,-99,-99,-99,-99,,
6/2/17,153,QUVE-04,39,BB,100,-99,-99,-99,-99,-99,-99,-99,-99,-99,-99,,
6/2/17,153,QURU-03,40,BB,100,BB,100,100,ND,-99,-99,75,75,10,0,,
6/2/17,153,CRSP-02,41,BB,100,-99,-99,-99,-99,-99,-99,-99,-99,-99,-99,,
6/2/17,153,PRSE-02,42,BB,100,-99,-99,-99,-99,-99,-99,-99,-99,-99,-99,,
6/2/17,153,BEPA-07,43,BB,100,-99,-99,-99,-99,-99,-99,-99,-99,-99,-99,new tree 2017(02 dead),
6/2/17,153,BEPA-06,44,BB,100,-99,-99,-99,-99,-99,-99,-99,-99,-99,-99,new tree 4-1-14 (03 dead),
6/2/17,153,BEPA-05,45,BB,100,-99,-99,-99,-99,-99,-99,-99,-99,-99,-99,,
6/2/17,153,COAL-06,46,BB,100,-99,-99,-99,-99,-99,-99,-99,-99,-99,-99,new tree 4-16-15 (03 dead),
6/2/17,153,FRAM-07,47,BB,100,ND,0,0,ND,-99,-99,60,25,0,0,new tree 5-1-08 (02 dead),
6/2/17,153,FAGR-04,48,BB,100,BB,100,100,ND,17,8,85,80,75,F,,
6/2/17,153,QUAL-03,49,BB,100,ND,0,0,ND,-99,-99,60,40,0,0,,
6/2/17,153,ACSA-02,50,BB,100,ND,0,0,ND,16,17,95,80,95,F,,
6/2/17,153,FRAM-03,51,BB,100,ND,0,0,ND,31,20,60,35,0,0,,
6/2/17,153,POTR-05,52,BB,100,-99,-99,-99,-99,-99,-99,-99,-99,-99,-99,new tree 5-19-11 (04 dead),
6/2/17,153,ACSA-04,53,BB,100,BB,100,100,ND,-99,-99,90,80,85,F,new tree fall 2007 (03 cut),
6/2/17,153,PRSE-04,54,BB,100,-99,-99,-99,-99,-99,-99,-99,-99,-99,-99,,
6/2/17,153,QURU-04,55,BB,100,BB,100,100,ND,-99,-99,80,80,35,0,,
6/2/17,153,ACRU-05,56,BB,100,BB,100,100,F,12,12,75,75,25,M,>75% fruit fallen,
6/2/17,153,FRAM-08,57,BB,100,ND,0,0,ND,-99,-99,65,50,0,0,new tree 4-1-15 (04 dead),
6/2/17,153,POTR-02,58,BB,100,-99,-99,-99,-99,-99,-99,-99,-99,-99,-99,,
6/7/17,158,AMSP-01,1,BB,100,-99,-99,-99,-99,-99,-99,-99,-99,-99,-99,,
6/7/17,158,FRAM-09,2,BB,100,ND,0,0,ND,-99,-99,48,0,0,0,new tree 2017,
6/7/17,158,PRSE-01,3,BB,100,-99,-99,-99,-99,-99,-99,-99,-99,-99,-99,,
6/7/17,158,ACRU-01,4,BB,100,BB,100,100,M,-99,-99,75,75,35,S,,
6/7/17,158,COAL-05,5,BB,100,-99,-99,-99,-99,-99,-99,-99,-99,-99,-99,new tree 2009 (01 dead?),
6/7/17,158,AMSP-02,6,BB,100,-99,-99,-99,-99,-99,-99,-99,-99,-99,-99,,
6/7/17,158,ACSA-01,7,BB,100,ND,0,0,ND,14,15,85,80,65,F,,
6/7/17,158,BELE-01,8,BB,100,-99,-99,-99,-99,-99,-99,-99,-99,-99,-99,ice damage dec08,
6/7/17,158,BEAL-01,9,BB,100,BB,100,100,M,13,8,85,80,65,S,,
6/7/17,158,COAL-04,10,-99,-99,-99,-99,-99,-99,-99,-99,-99,-99,-99,-99,dead,
6/7/17,158,QURU-01,11,BB,100,BB,100,100,ND,-99,-99,65,60,0,F,,
6/7/17,158,QUAL-05,12,BB,100,ND,0,0,ND,21,14,75,75,15,0,new tree 2005,
6/7/17,158,FAGR-01,13,BB,100,ND,0,0,ND,18,9,78,80,45,F,,
6/7/17,158,ACPE-01,14,BB,100,BB,100,100,M&F,20,18,75,75,20,S,fruit developing,
6/7/17,158,QUVE-01,15,BB,100,-99,-99,-99,-99,-99,-99,-99,-99,-99,-99,,
6/7/17,158,BEPA-01,16,BB,100,-99,-99,-99,-99,-99,-99,-99,-99,-99,-99,,
6/7/17,158,CRSP-01,17,BB,100,-99,-99,-99,-99,-99,-99,-99,-99,-99,-99,,
6/7/17,158,ACRU-02,18,BB,100,BB,100,100,M,-99,-99,75,75,25,S,,
6/7/17,158,ACPE-02,19,BB,100,BB,100,100,M,20,20,70,70,15,S,,
6/7/17,158,FAGR-07,20,BB,100,BB,100,100,ND,-99,-99,90,80,80,F,new tree 2017 (05 dead),
6/7/17,158,ACPE-03,21,BB,100,BB,100,100,M,20,20,75,75,15,F,,
6/7/17,158,HAVI-01,22,BB,100,ND,0,0,ND,13,10,80,80,30,F,,
6/7/17,158,BEAL-02,23,BB,100,ND,0,0,ND,9,5,83,80,50,S,,
6/7/17,158,BELE-02,24,BB,100,-99,-99,-99,-99,-99,-99,-99,-99,-99,-99,,
6/7/17,158,FAGR-06,25,BB,100,ND,0,0,ND,-99,-99,95,80,95,0,new tree fall 2004,
6/7/17,158,AMSP-03,26,BB,100,-99,-99,-99,-99,-99,-99,-99,-99,-99,-99,,
6/7/17,158,BEAL-03,27,BB,100,BB,100,100,M,-99,-99,83,80,55,S,,
6/7/17,158,HAVI-02,28,BB,100,ND,0,0,ND,11,9,85,80,50,F,,
6/7/17,158,QURU-02,29,BB,100,ND,0,0,ND,-99,-99,58,55,0,0,,
6/7/17,158,ACRU-03,30,BB,100,BB,100,100,M,-99,-99,75,75,30,F,,
6/7/17,158,ACPE-04,31,BB,100,ND,0,0,ND,15,17,70,70,15,0,,
6/7/17,158,QUVE-02,32,BB,100,-99,-99,-99,-99,-99,-99,-99,-99,-99,-99,tree unhealthy/dying?,
6/7/17,158,ACRU-04,33,BB,100,BB,100,100,M,13,15,75,75,20,0,,
6/7/17,158,QUAL-02,34,BB,100,ND,0,0,ND,-99,-99,70,70,15,0,,
6/7/17,158,CRSP-03,35,BB,100,-99,-99,-99,-99,-99,-99,-99,-99,-99,-99,,
6/7/17,158,BELE-03,36,BB,100,-99,-99,-99,-99,-99,-99,-99,-99,-99,-99,,
6/7/17,158,HAVI-03,37,BB,100,ND,0,0,ND,12,8,80,80,40,F,,
6/7/17,158,QUVE-03,38,BB,100,-99,-99,-99,-99,-99,-99,-99,-99,-99,-99,,
6/7/17,158,QUVE-04,39,BB,100,-99,-99,-99,-99,-99,-99,-99,-99,-99,-99,,
6/7/17,158,QURU-03,40,BB,100,BB,100,100,ND,-99,-99,75,75,30,F,,
6/7/17,158,CRSP-02,41,BB,100,-99,-99,-99,-99,-99,-99,-99,-99,-99,-99,,
6/7/17,158,PRSE-02,42,BB,100,-99,-99,-99,-99,-99,-99,-99,-99,-99,-99,,
6/7/17,158,BEPA-07,43,BB,100,-99,-99,-99,-99,-99,-99,-99,-99,-99,-99,new tree 2017(02 dead),
6/7/17,158,BEPA-06,44,BB,100,-99,-99,-99,-99,-99,-99,-99,-99,-99,-99,new tree 4-1-14 (03 dead),
6/7/17,158,BEPA-05,45,BB,100,-99,-99,-99,-99,-99,-99,-99,-99,-99,-99,,
6/7/17,158,COAL-06,46,BB,100,-99,-99,-99,-99,-99,-99,-99,-99,-99,-99,new tree 4-16-15 (03 dead),
6/7/17,158,FRAM-07,47,BB,100,ND,0,0,ND,-99,-99,60,30,0,0,new tree 5-1-08 (02 dead),
6/7/17,158,FAGR-04,48,BB,100,BB,100,100,ND,17,8,95,80,90,F,,
6/7/17,158,QUAL-03,49,BB,100,ND,0,0,ND,-99,-99,75,75,15,0,,
6/7/17,158,ACSA-02,50,BB,100,ND,0,0,ND,16,17,98,80,97,F,,
6/7/17,158,FRAM-03,51,BB,100,ND,0,0,ND,36,20,75,75,25,0,,
6/7/17,158,POTR-05,52,BB,100,-99,-99,-99,-99,-99,-99,-99,-99,-99,-99,new tree 5-19-11 (04 dead),
6/7/17,158,ACSA-04,53,BB,100,BB,100,100,ND,-99,-99,95,80,95,F,new tree fall 2007 (03 cut),
6/7/17,158,PRSE-04,54,BB,100,-99,-99,-99,-99,-99,-99,-99,-99,-99,-99,,
6/7/17,158,QURU-04,55,BB,100,BB,100,100,ND,-99,-99,85,80,40,F,,
6/7/17,158,ACRU-05,56,BB,100,BB,100,100,F,13,12,75,75,30,M,fruit gone ,
6/7/17,158,FRAM-08,57,BB,100,ND,0,0,ND,-99,-99,75,75,15,0,new tree 4-1-15 (04 dead),
6/7/17,158,POTR-02,58,BB,100,-99,-99,-99,-99,-99,-99,-99,-99,-99,-99,,
6/14/17,165,AMSP-01,1,BB,100,-99,-99,-99,-99,-99,-99,-99,-99,-99,-99,,
6/14/17,165,FRAM-09,2,BB,100,ND,0,0,ND,-99,-99,75,75,20,0,new tree 2017,
6/14/17,165,PRSE-01,3,BB,100,-99,-99,-99,-99,-99,-99,-99,-99,-99,-99,,
6/14/17,165,ACRU-01,4,BB,100,BB,100,100,M,-99,-99,90,80,90,M,,
6/14/17,165,COAL-05,5,BB,100,-99,-99,-99,-99,-99,-99,-99,-99,-99,-99,new tree 2009 (01 dead?),
6/14/17,165,AMSP-02,6,BB,100,-99,-99,-99,-99,-99,-99,-99,-99,-99,-99,,
6/14/17,165,ACSA-01,7,BB,100,ND,0,0,ND,14,15,96,80,97,0,,
6/14/17,165,BELE-01,8,BB,100,-99,-99,-99,-99,-99,-99,-99,-99,-99,-99,ice damage dec08,
6/14/17,165,BEAL-01,9,BB,100,BB,100,100,M,13,8,96,80,97,S,,
6/14/17,165,COAL-04,10,-99,-99,-99,-99,-99,-99,-99,-99,-99,-99,-99,-99,dead,
6/14/17,165,QURU-01,11,BB,100,BB,100,100,ND,-99,-99,85,80,75,0,,
6/14/17,165,QUAL-05,12,BB,100,ND,0,0,ND,21,14,90,80,90,0,new tree 2005,
6/14/17,165,FAGR-01,13,BB,100,ND,0,0,ND,18,9,96,80,97,F,,
6/14/17,165,ACPE-01,14,BB,100,BB,100,100,M&F,20,18,93,80,90,S,fruit developing,
6/14/17,165,QUVE-01,15,BB,100,-99,-99,-99,-99,-99,-99,-99,-99,-99,-99,,
6/14/17,165,BEPA-01,16,BB,100,-99,-99,-99,-99,-99,-99,-99,-99,-99,-99,,
6/14/17,165,CRSP-01,17,BB,100,-99,-99,-99,-99,-99,-99,-99,-99,-99,-99,,
6/14/17,165,ACRU-02,18,BB,100,BB,100,100,M,-99,-99,85,80,80,M,,
6/14/17,165,ACPE-02,19,BB,100,BB,100,100,M,21,20,90,80,85,S,,
6/14/17,165,FAGR-07,20,BB,100,BB,100,100,ND,-99,-99,98,80,97,0,new tree 2017 (05 dead),
6/14/17,165,ACPE-03,21,BB,100,BB,100,100,M,20,20,88,80,80,F,,
6/14/17,165,HAVI-01,22,BB,100,ND,0,0,ND,13,10,88,80,90,F,,
6/14/17,165,BEAL-02,23,BB,100,ND,0,0,ND,9,6,95,80,95,F,,
6/14/17,165,BELE-02,24,BB,100,-99,-99,-99,-99,-99,-99,-99,-99,-99,-99,,
6/14/17,165,FAGR-06,25,BB,100,ND,0,0,ND,-99,-99,98,80,97,0,new tree fall 2004,
6/14/17,165,AMSP-03,26,BB,100,-99,-99,-99,-99,-99,-99,-99,-99,-99,-99,,
6/14/17,165,BEAL-03,27,BB,100,BB,100,100,M,-99,-99,95,80,95,S,,
6/14/17,165,HAVI-02,28,BB,100,ND,0,0,ND,11,9,95,80,95,F,,
6/14/17,165,QURU-02,29,BB,100,ND,0,0,ND,-99,-99,83,80,65,0,,
6/14/17,165,ACRU-03,30,BB,100,BB,100,100,M,-99,-99,93,80,90,F,,
6/14/17,165,ACPE-04,31,BB,100,ND,0,0,ND,16,17,85,80,80,0,,
6/14/17,165,QUVE-02,32,BB,100,-99,-99,-99,-99,-99,-99,-99,-99,-99,-99,tree unhealthy/dying?,
6/14/17,165,ACRU-04,33,BB,100,BB,100,100,M,13,15,85,80,80,F,,
6/14/17,165,QUAL-02,34,BB,100,ND,0,0,ND,-99,-99,85,80,75,0,,
6/14/17,165,CRSP-03,35,BB,100,-99,-99,-99,-99,-99,-99,-99,-99,-99,-99,,
6/14/17,165,BELE-03,36,BB,100,-99,-99,-99,-99,-99,-99,-99,-99,-99,-99,,
6/14/17,165,HAVI-03,37,BB,100,ND,0,0,ND,12,8,95,80,95,F,,
6/14/17,165,QUVE-03,38,BB,100,-99,-99,-99,-99,-99,-99,-99,-99,-99,-99,,
6/14/17,165,QUVE-04,39,BB,100,-99,-99,-99,-99,-99,-99,-99,-99,-99,-99,,
6/14/17,165,QURU-03,40,BB,100,BB,100,100,ND,-99,-99,90,80,90,F,,
6/14/17,165,CRSP-02,41,BB,100,-99,-99,-99,-99,-99,-99,-99,-99,-99,-99,,
6/14/17,165,PRSE-02,42,BB,100,-99,-99,-99,-99,-99,-99,-99,-99,-99,-99,,
6/14/17,165,BEPA-07,43,BB,100,-99,-99,-99,-99,-99,-99,-99,-99,-99,-99,new tree 2017(02 dead),
6/14/17,165,BEPA-06,44,BB,100,-99,-99,-99,-99,-99,-99,-99,-99,-99,-99,new tree 4-1-14 (03 dead),
6/14/17,165,BEPA-05,45,BB,100,-99,-99,-99,-99,-99,-99,-99,-99,-99,-99,,
6/14/17,165,COAL-06,46,BB,100,-99,-99,-99,-99,-99,-99,-99,-99,-99,-99,new tree 4-16-15 (03 dead),
6/14/17,165,FRAM-07,47,BB,100,ND,0,0,ND,-99,-99,85,80,95,0,new tree 5-1-08 (02 dead),
6/14/17,165,FAGR-04,48,BB,100,BB,100,100,ND,17,8,98,80,97,F,,
6/14/17,165,QUAL-03,49,BB,100,ND,0,0,ND,-99,-99,90,80,85,0,,
6/14/17,165,ACSA-02,50,BB,100,ND,0,0,ND,16,17,100,80,97,0,,
6/14/17,165,FRAM-03,51,BB,100,ND,0,0,ND,36,22,88,80,85,0,,
6/14/17,165,POTR-05,52,BB,100,-99,-99,-99,-99,-99,-99,-99,-99,-99,-99,new tree 5-19-11 (04 dead),
6/14/17,165,ACSA-04,53,BB,100,BB,100,100,ND,-99,-99,97,80,97,F,new tree fall 2007 (03 cut),
6/14/17,165,PRSE-04,54,BB,100,-99,-99,-99,-99,-99,-99,-99,-99,-99,-99,,
6/14/17,165,QURU-04,55,BB,100,BB,100,100,ND,-99,-99,95,80,95,0,,
6/14/17,165,ACRU-05,56,BB,100,BB,100,100,F,13,12,93,80,90,M,fruit gone,
6/14/17,165,FRAM-08,57,BB,100,ND,0,0,ND,-99,-99,88,80,85,0,new tree 4-1-15 (04 dead),
6/14/17,165,POTR-02,58,BB,100,-99,-99,-99,-99,-99,-99,-99,-99,-99,-99,,
6/23/17,174,AMSP-01,1,BB,100,-99,-99,-99,-99,-99,-99,-99,-99,-99,-99,,
6/23/17,174,FRAM-01,2,BB,100,ND,0,0,ND,-99,-99,80,80,45,0,new tree 2017,
6/23/17,174,PRSE-01,3,BB,100,-99,-99,-99,-99,-99,-99,-99,-99,-99,-99,,
6/23/17,174,ACRU-01,4,BB,100,BB,100,100,M,-99,-99,96,80,97,S,,
6/23/17,174,COAL-05,5,BB,100,-99,-99,-99,-99,-99,-99,-99,-99,-99,-99,new tree 2009 (01 dead?),
6/23/17,174,AMSP-02,6,BB,100,-99,-99,-99,-99,-99,-99,-99,-99,-99,-99,,
6/23/17,174,ACSA-01,7,BB,100,ND,0,0,ND,14,15,100,80,97,0,,
6/23/17,174,BELE-01,8,BB,100,-99,-99,-99,-99,-99,-99,-99,-99,-99,-99,ice damage dec08,
6/23/17,174,BEAL-01,9,BB,100,BB,100,100,M,13,8,98,80,97,M,,
6/23/17,174,COAL-04,10,-99,-99,-99,-99,-99,-99,-99,-99,-99,-99,-99,-99,dead,
6/23/17,174,QURU-01,11,BB,100,BB,100,100,ND,-99,-99,95,80,95,0,,
6/23/17,174,QUAL-05,12,BB,100,ND,0,0,ND,21,14,95,80,95,0,new tree 2005,
6/23/17,174,FAGR-01,13,BB,100,ND,0,0,ND,18,9,97,80,97,F,,
6/23/17,174,ACPE-01,14,BB,100,BB,100,100,M&F,20,18,96,80,97,S,fruit developing,
6/23/17,174,QUVE-01,15,BB,100,-99,-99,-99,-99,-99,-99,-99,-99,-99,-99,,
6/23/17,174,BEPA-01,16,BB,100,-99,-99,-99,-99,-99,-99,-99,-99,-99,-99,,
6/23/17,174,CRSP-01,17,BB,100,-99,-99,-99,-99,-99,-99,-99,-99,-99,-99,,
6/23/17,174,ACRU-02,18,BB,100,BB,100,100,M,-99,-99,96,80,97,F,,
6/23/17,174,ACPE-02,19,BB,100,BB,100,100,M,21,20,95,80,95,S,,
6/23/17,174,FAGR-07,20,BB,100,BB,100,100,ND,-99,-99,98,80,97,0,new tree 2017 (05 dead),
6/23/17,174,ACPE-03,21,BB,100,BB,100,100,M,20,20,95,80,95,F,,
6/23/17,174,HAVI-01,22,BB,100,ND,0,0,ND,13,10,97,80,97,0,,
6/23/17,174,BEAL-02,23,BB,100,ND,0,0,ND,9,6,98,80,97,F,,
6/23/17,174,BELE-02,24,BB,100,-99,-99,-99,-99,-99,-99,-99,-99,-99,-99,,
6/23/17,174,FAGR-06,25,BB,100,ND,0,0,ND,-99,-99,99,80,97,0,new tree fall 2004,
6/23/17,174,AMSP-03,26,BB,100,-99,-99,-99,-99,-99,-99,-99,-99,-99,-99,,
6/23/17,174,BEAL-03,27,BB,100,BB,100,100,M,-99,-99,98,80,97,S,,
6/23/17,174,HAVI-02,28,BB,100,ND,0,0,ND,11,9,98,80,97,0,,
6/23/17,174,QURU-02,29,BB,100,ND,0,0,ND,-99,-99,93,80,90,0,,
6/23/17,174,ACRU-03,30,BB,100,BB,100,100,M,-99,-99,96,80,97,F,,
6/23/17,174,ACPE-04,31,BB,100,ND,0,0,ND,16,17,95,80,95,0,,
6/23/17,174,QUVE-02,32,BB,100,-99,-99,-99,-99,-99,-99,-99,-99,-99,-99,tree unhealthy/dying?,
6/23/17,174,ACRU-04,33,BB,100,BB,100,100,M,13,15,95,80,95,F,,
6/23/17,174,QUAL-02,34,BB,100,ND,0,0,ND,-99,-99,95,80,95,0,,
6/23/17,174,CRSP-03,35,BB,100,-99,-99,-99,-99,-99,-99,-99,-99,-99,-99,,
6/23/17,174,BELE-03,36,BB,100,-99,-99,-99,-99,-99,-99,-99,-99,-99,-99,,
6/23/17,174,HAVI-03,37,BB,100,ND,0,0,ND,12,8,98,80,97,F,,
6/23/17,174,QUVE-03,38,BB,100,-99,-99,-99,-99,-99,-99,-99,-99,-99,-99,,
6/23/17,174,QUVE-04,39,BB,100,-99,-99,-99,-99,-99,-99,-99,-99,-99,-99,,
6/23/17,174,QURU-03,40,BB,100,BB,100,100,ND,-99,-99,95,80,95,0,,
6/23/17,174,CRSP-02,41,BB,100,-99,-99,-99,-99,-99,-99,-99,-99,-99,-99,,
6/23/17,174,PRSE-02,42,BB,100,-99,-99,-99,-99,-99,-99,-99,-99,-99,-99,,
6/23/17,174,BEPA-07,43,BB,100,-99,-99,-99,-99,-99,-99,-99,-99,-99,-99,new tree 2017(02 dead),
6/23/17,174,BEPA-06,44,BB,100,-99,-99,-99,-99,-99,-99,-99,-99,-99,-99,new tree 4-1-14 (03 dead),
6/23/17,174,BEPA-05,45,BB,100,-99,-99,-99,-99,-99,-99,-99,-99,-99,-99,,
6/23/17,174,COAL-06,46,BB,100,-99,-99,-99,-99,-99,-99,-99,-99,-99,-99,new tree 4-16-15 (03 dead),
6/23/17,174,FRAM-07,47,BB,100,ND,0,0,ND,-99,-99,95,80,95,0,new tree 5-1-08 (02 dead),
6/23/17,174,FAGR-04,48,BB,100,BB,100,100,ND,17,8,99,80,97,F,,
6/23/17,174,QUAL-03,49,BB,100,ND,0,0,ND,-99,-99,95,80,95,0,,
6/23/17,174,ACSA-02,50,BB,100,ND,0,0,ND,16,17,100,80,97,0,,
6/23/17,174,FRAM-03,51,BB,100,ND,0,0,ND,36,22,95,80,95,0,,
6/23/17,174,POTR-05,52,BB,100,-99,-99,-99,-99,-99,-99,-99,-99,-99,-99,new tree 5-19-11 (04 dead),
6/23/17,174,ACSA-04,53,BB,100,BB,100,100,ND,-99,-99,99,80,97,0,new tree fall 2007 (03 cut),
6/23/17,174,PRSE-04,54,BB,100,-99,-99,-99,-99,-99,-99,-99,-99,-99,-99,,
6/23/17,174,QURU-04,55,BB,100,BB,100,100,ND,-99,-99,98,80,97,0,,
6/23/17,174,ACRU-05,56,BB,100,BB,100,100,F,13,12,96,80,97,M,fruit gone,
6/23/17,174,FRAM-08,57,BB,100,ND,0,0,ND,-99,-99,95,80,95,0,new tree 4-1-15 (04 dead),
6/23/17,174,POTR-02,58,BB,100,-99,-99,-99,-99,-99,-99,-99,-99,-99,-99,,
,,, ,,,  , , , , , ,  , , , ,,
,,, ,,,  , , , , , ,  , , , ,,
,,, ,,,  , , , , , ,  , , , ,,
,,, ,,,  , , , , , ,  , , , ,,
,,, ,,,  , , , , , ,  , , , ,,
,,, ,,,  , , , , , ,  , , , ,,
,,, ,,,  , , , , , ,  , , , ,,
,,, ,,,  , , , , , ,  , , , ,,
,,, ,,,  , , , , , ,  , , , ,,
,,, ,,,  , , , , , ,  , , , ,,
,,, ,,,  , , , , , ,  , , , ,,
,,, ,,,  , , , , , ,  , , , ,,
,,, ,,,  , , , , , ,  , , , ,,
,,, ,,,  , , , , , ,  , , , ,,
,,, ,,,  , , , , , ,  , , , ,,
,,, ,,,  , , , , , ,  , , , ,,
,,, ,,,  , , , , , ,  , , , ,,
,,, ,,,  , , , , , ,  , , , ,,
,,, ,,,  , , , , , ,  , , , ,,
,,, ,,,  , , , , , ,  , , , ,,
,,, ,,,  , , , , , ,  , , , ,,
,,, ,,,  , , , , , ,  , , , ,,
,,, ,,,  , , , , , ,  , , , ,,
,,, ,,,  , , , , , ,  , , , ,,
,,, ,,,  , , , , , ,  , , , ,,
,,, ,,,  , , , , , ,  , , , ,,
,,, ,,,  , , , , , ,  , , , ,,
,,, ,,,  , , , , , ,  , , , ,,
,,, ,,,  , , , , , ,  , , , ,,
,,, ,,,  , , , , , ,  , , , ,,
,,, ,,,  , , , , , ,  , , , ,,
,,, ,,,  , , , , , ,  , , , ,,
,,, ,,,  , , , , , ,  , , , ,,
,,, ,,,  , , , , , ,  , , , ,,
,,, ,,,  , , , , , ,  , , , ,,
,,, ,,,  , , , , , ,  , , , ,,
,,, ,,,  , , , , , ,  , , , ,,
,,, ,,,  , , , , , ,  , , , ,,
,,, ,,,  , , , , , ,  , , , ,,
,,, ,,,  , , , , , ,  , , , ,,
,,, ,,,  , , , , , ,  , , , ,,
,,, ,,,  , , , , , ,  , , , ,,
,,, ,,,  , , , , , ,  , , , ,,
,,, ,,,  , , , , , ,  , , , ,,
,,, ,,,  , , , , , ,  , , , ,,
,,, ,,,  , , , , , ,  , , , ,,
,,, ,,,  , , , , , ,  , , , ,,
,,, ,,,  , , , , , ,  , , , ,,
,,, ,,,  , , , , , ,  , , , ,,
,,, ,,,  , , , , , ,  , , , ,,
,,, ,,,  , , , , , ,  , , , ,,
,,, ,,,  , , , , , ,  , , , ,,
,,, ,,,  , , , , , ,  , , , ,,
,,, ,,,  , , , , , ,  , , , ,,
,,, ,,,  , , , , , ,  , , , ,,
,,, ,,,  , , , , , ,  , , , ,,
,,, ,,,  , , , , , ,  , , , ,,
,,, ,,,  , , , , , ,  , , , ,,